date,current,wind,salinity,temperature,u,v
2011-01-01,0.41176906,8.225824,35.28107,26.402613,-0.25478393,-0.02158348
2011-01-02,0.42371336,6.5875325,35.289307,26.393246,-0.09677401,-0.05503363
2011-01-03,0.45584866,3.5981288,35.301105,26.45784,-0.011285831,-0.002039431
2011-01-04,0.5001026,4.478415,35.30553,26.49231,-0.011998088,-0.022685021
2011-01-05,0.4957571,4.2469864,35.315357,26.430445,-0.026242785,-0.0605168
2011-01-06,0.4221331,4.703013,35.286507,26.310467,0.09673997,-0.09582959
2011-01-07,0.43551725,2.7276497,34.897305,26.300829,0.0033422208,0.037651364
2011-01-08,0.47303823,4.1990542,35.14848,26.348946,0.057823107,-0.029081913
2011-01-09,0.45735657,3.989451,35.207584,26.448536,0.091920614,-0.04311825
2011-01-10,0.42190194,1.9155726,35.209503,26.486094,0.24510187,-0.13805343
2011-01-11,0.30218196,3.8033106,35.228374,26.464222,0.13739204,-0.047953624
2011-01-12,0.31665418,9.423449,35.222225,26.328415,-0.0004993696,-0.16456774
2011-01-13,0.2464509,9.86634,35.236465,26.14805,-0.062194005,-0.08630023
2011-01-14,0.23717663,9.777539,35.24822,26.150291,-0.106485695,-0.02696856
2011-01-15,0.31714514,7.678342,35.26427,26.105328,-0.070380926,0.0045029237
2011-01-16,0.35244188,7.237279,35.27919,25.988762,-0.08440536,0.05270205
2011-01-17,0.4367024,5.264245,35.280155,26.059927,-0.012933435,0.041166797
2011-01-18,0.45405546,6.8116207,35.2852,26.149822,0.09627191,0.006427749
2011-01-19,0.50927955,3.2044795,35.263844,26.535261,-0.03702453,0.037107106
2011-01-20,0.57809293,6.7965927,35.236065,26.419096,-0.15348081,0.02881263
2011-01-21,0.60239136,9.926499,35.266502,26.162813,-0.24292515,0.08684453
2011-01-22,0.57164913,10.027028,35.27615,25.995007,-0.2509921,0.17134736
2011-01-23,0.48008874,9.511215,35.291676,25.873562,-0.15480378,0.14136018
2011-01-24,0.42105854,8.0527935,35.302555,25.880259,-0.13762537,0.1545722
2011-01-25,0.33160612,5.8427424,35.31087,25.928541,-0.078031294,0.14887576
2011-01-26,0.28649637,8.700589,35.32357,25.925446,-0.12689635,0.11640976
2011-01-27,0.2957581,9.853243,35.330482,25.911144,-0.118994914,0.14434502
2011-01-28,0.34372282,8.274056,35.332375,25.89155,-0.04200855,0.14649217
2011-01-29,0.3876012,11.657763,35.33865,25.82808,-0.17600346,0.13374169
2011-01-30,0.45994785,12.135918,35.353977,25.483152,-0.22358075,0.094483234
2011-01-31,0.47742292,9.624608,35.348854,25.285006,-0.13979277,-0.006935664
2011-02-01,0.4703895,8.313164,35.342567,25.298258,-0.1530811,-0.017967204
2011-02-02,0.46136776,8.52145,35.32899,25.371088,-0.10541343,-0.039683945
2011-02-03,0.45652106,6.7811675,35.332676,25.490253,-0.037375465,-0.041621033
2011-02-04,0.42896467,7.1396246,35.334675,25.574986,-0.064105205,-0.021869516
2011-02-05,0.42273188,7.270389,35.316986,25.67707,-0.12872666,-0.06371618
2011-02-06,0.37431803,4.792676,35.302505,25.729588,0.010986352,-0.056291163
2011-02-07,0.33818054,6.312736,35.31366,25.823145,-0.06034513,0.0467478
2011-02-08,0.3394341,8.672943,35.318443,25.877058,-0.10738984,0.10251494
2011-02-09,0.30509198,11.274969,35.272484,25.804178,-0.21567835,0.07970965
2011-02-10,0.2687292,10.718612,35.283463,25.688412,-0.1898747,0.0958539
2011-02-11,0.19990283,8.193473,35.28938,25.705603,-0.1119125,0.0725213
2011-02-12,0.23154521,5.887167,35.291084,25.793533,-0.13322334,0.086885884
2011-02-13,0.2765303,6.6681395,35.2889,25.84825,-0.08753879,0.061018318
2011-02-14,0.36812246,10.76772,35.27233,25.856754,-0.14996944,0.13071099
2011-02-15,0.4621656,10.813011,35.23684,25.840574,-0.21095619,0.079637975
2011-02-16,0.51027787,9.007837,35.239048,25.806297,-0.18969005,0.056428052
2011-02-17,0.5417271,8.568015,35.242626,25.823736,-0.13454731,0.04315997
2011-02-18,0.5311639,9.311753,35.24942,25.833113,-0.16152558,0.050798286
2011-02-19,0.5298608,7.7791767,35.238346,25.871603,-0.12909074,0.029352188
2011-02-20,0.4857278,4.0549364,35.25266,25.90196,-0.058129188,0.03843897
2011-02-21,0.4361269,2.886086,35.25672,25.935333,0.05487135,0.019317118
2011-02-22,0.4405939,10.446298,35.246944,25.936268,-0.07698501,0.14656575
2011-02-23,0.5673962,13.191728,35.27207,25.771929,-0.39647186,0.23870149
2011-02-24,0.3372886,10.565979,35.284843,25.952837,-0.2752319,0.06148686
2011-02-25,0.21931584,6.9437375,35.288895,26.124552,-0.06652261,-0.058493324
2011-02-26,0.32399935,5.35661,35.29283,26.137173,0.06340338,-0.00832335
2011-02-27,0.35509285,4.008058,35.297653,26.16671,0.025387017,-0.046408165
2011-02-28,0.3839214,3.1169825,35.29943,26.234987,0.048382226,-0.062761165
2011-03-01,0.37414986,2.2190688,35.29784,26.277958,0.07745868,-0.075352706
2011-03-02,0.39281955,3.086593,35.29808,26.315353,0.04594804,-0.045088872
2011-03-03,0.42114177,3.618926,35.297897,26.362144,0.056020204,-0.043405645
2011-03-04,0.37823892,3.632129,35.28812,26.42588,0.010378547,-0.008153843
2011-03-05,0.42380297,6.097655,35.25439,26.388927,0.01739194,0.06604905
2011-03-06,0.6026827,14.31147,35.295383,26.219408,-0.4323871,0.26089644
2011-03-07,0.50237805,12.1603985,35.31798,26.141527,-0.3811471,0.14996246
2011-03-08,0.33608654,9.981147,35.332275,26.114145,-0.17374793,0.04342257
2011-03-09,0.26550022,7.487044,35.339684,26.063753,-0.02472429,0.019259352
2011-03-10,0.24170499,6.7816386,35.337784,26.067623,-0.04557011,0.036721878
2011-03-11,0.20469141,7.756425,35.333794,26.060204,-0.025836593,0.012377868
2011-03-12,0.20116998,10.25097,35.32026,26.032207,-0.09862025,-0.0069152666
2011-03-13,0.20142193,10.021208,35.318405,25.9073,-0.10919649,-0.024014793
2011-03-14,0.24574226,8.326494,35.30864,25.857897,0.031040762,-0.016207643
2011-03-15,0.29164135,8.148756,35.290104,25.885193,0.015328203,0.0013351578
2011-03-16,0.34843764,5.83296,35.293343,25.89686,0.026157124,-0.01863014
2011-03-17,0.4307207,5.755662,35.295425,25.870155,0.07082514,-0.008584333
2011-03-18,0.47651762,3.464514,35.282455,25.887596,0.045598533,-0.01377094
2011-03-19,0.5532159,4.6370516,35.267235,25.825502,0.10621382,-0.05493526
2011-03-20,0.5311202,6.636231,35.209995,25.879463,0.23937058,0.015904905
2011-03-21,0.47582054,4.685237,35.149277,26.016968,0.07942027,0.08248266
2011-03-22,0.44993612,5.061527,35.17142,26.130058,0.1286045,0.07841212
2011-03-23,0.4606553,3.646893,35.190506,26.177782,0.17590006,0.06870713
2011-03-24,0.44327432,3.6112506,35.18838,26.226484,0.080238566,0.0194744
2011-03-25,0.42194745,4.447129,35.19535,26.109787,0.13559237,0.030513963
2011-03-26,0.44075143,5.9400535,35.1973,26.043716,0.1740165,0.0005280344
2011-03-27,0.4000274,11.184997,35.204712,26.014984,-0.026372558,-0.022154998
2011-03-28,0.41634578,13.020014,35.225174,26.204082,-0.16761625,-0.00972372
2011-03-29,0.3419767,10.939963,35.270565,26.368866,-0.07036363,-0.10952122
2011-03-30,0.3602829,7.415313,35.287014,26.340973,0.041286387,-0.13288376
2011-03-31,0.33761334,7.001876,35.283096,26.322674,0.040841866,-0.069085956
2011-04-01,0.36706063,9.441767,35.286457,26.225637,-0.06994001,-0.0798578
2011-04-02,0.38063258,8.234902,35.29238,26.103054,-0.06203401,-0.027306886
2011-04-03,0.41151965,11.418878,35.295414,25.961061,-0.21097526,0.037652694
2011-04-04,0.45012182,11.741793,35.292255,25.933762,-0.27026248,0.0833877
2011-04-05,0.40453365,10.803546,35.288605,25.957014,-0.2618835,0.0514026
2011-04-06,0.45870313,11.598565,35.283607,25.992626,-0.33986774,0.07114394
2011-04-07,0.4048022,11.438817,35.278206,25.960588,-0.31812298,0.028269732
2011-04-08,0.35599154,10.042702,35.283726,25.88021,-0.25549704,0.021666775
2011-04-09,0.33835518,10.015076,35.290245,25.801079,-0.22491881,0.031157378
2011-04-10,0.18563609,5.437911,35.29814,25.707422,-0.02546014,-0.027761985
2011-04-11,0.26416236,2.5832565,35.30475,25.694983,0.009188051,0.015660413
2011-04-12,0.25021672,2.222594,35.308727,25.710186,0.035110928,0.0072808354
2011-04-13,0.28820887,2.985696,35.314842,25.683704,0.068904385,0.011968499
2011-04-14,0.33925018,3.2371302,35.318527,25.72833,0.012043378,0.0390904
2011-04-15,0.37840793,4.1045012,35.324944,25.735052,-0.06442955,0.038861264
2011-04-16,0.4178096,5.438498,35.335896,25.59902,-0.060764402,0.060119756
2011-04-17,0.46195853,7.8608637,35.344677,25.430477,-0.074820586,0.06406208
2011-04-18,0.5040581,9.685131,35.328663,25.26049,-0.1769867,0.035691198
2011-04-19,0.46159485,6.6214113,35.317425,25.078636,-0.12927812,0.09083107
2011-04-20,0.49224287,8.933981,35.322025,25.032373,-0.19832109,0.11164833
2011-04-21,0.4258853,6.3912053,35.32873,24.89194,-0.11885648,0.06805413
2011-04-22,0.40321934,6.2991395,35.333263,24.857412,-0.08531946,0.07717706
2011-04-23,0.36824867,7.3676505,35.336334,24.860056,-0.08120752,0.09871416
2011-04-24,0.3567835,10.098432,35.340775,24.77409,-0.14603382,0.117929
2011-04-25,0.33186284,10.320328,35.33801,24.639994,-0.20250864,0.05132408
2011-04-26,0.2698255,9.795321,35.32132,24.674965,-0.1410664,-0.028207444
2011-04-27,0.28758937,11.66952,35.31591,24.714409,-0.17938322,0.00264568
2011-04-28,0.34886613,12.178662,35.325348,24.696432,-0.22580919,0.07422642
2011-04-29,0.35684338,10.953065,35.334034,24.748852,-0.17012078,0.084091924
2011-04-30,0.33472076,8.695743,35.338524,24.745403,-0.08622026,0.09380387
2011-05-01,0.35930976,5.4255214,35.34408,24.763794,-0.103955805,0.03555144
2011-05-02,0.34790158,2.903681,35.34836,24.762774,-0.007148893,-0.035366755
2011-05-03,0.34367025,2.0117493,35.350796,24.725851,0.09706138,-0.03247814
2011-05-04,0.33464843,6.0664434,35.346558,24.709251,0.100034624,0.05095379
2011-05-05,0.3308608,8.943131,35.35621,24.622332,-0.06431719,0.11759678
2011-05-06,0.4543511,10.039464,35.368217,24.4735,-0.25308797,0.15018943
2011-05-07,0.33651036,5.4746246,35.37483,24.331108,-0.13014346,0.048215214
2011-05-08,0.33066514,2.7884429,35.374886,24.344126,-0.08892781,0.022161394
2011-05-09,0.26871768,5.4531198,35.36592,24.316305,-0.028599586,-0.023199864
2011-05-10,0.27900243,7.8333898,35.37457,24.220966,0.023768943,0.07321549
2011-05-11,0.24791537,5.2138505,35.383747,24.14137,0.018474232,0.04676342
2011-05-12,0.2933251,7.1270432,35.393467,24.043936,0.06514674,0.072476245
2011-05-13,0.3280108,7.388661,35.404346,23.963657,0.046273734,0.107915424
2011-05-14,0.36623436,7.0160646,35.412758,23.887327,0.03730569,0.060287736
2011-05-15,0.40080515,9.929111,35.423767,23.74109,-0.05969528,0.13584542
2011-05-16,0.5029304,9.90883,35.424667,23.595497,-0.26179802,0.122101285
2011-05-17,0.49153158,9.360208,35.411217,23.502748,-0.21015655,0.05884615
2011-05-18,0.4760931,9.76311,35.408604,23.413197,-0.18329003,0.033873394
2011-05-19,0.44808465,9.037945,35.408016,23.386349,-0.16760918,0.023308357
2011-05-20,0.4467296,9.346369,35.40735,23.373108,-0.17384517,-0.0012904592
2011-05-21,0.40201357,7.695556,35.40563,23.359238,-0.14047794,-0.041954365
2011-05-22,0.29100844,6.0999656,35.405556,23.30103,-0.029547887,-0.07851399
2011-05-23,0.262298,4.98772,35.407475,23.226957,0.076923504,-0.043418944
2011-05-24,0.30187812,7.347032,35.368206,23.222273,0.14041214,0.070531555
2011-05-25,0.2633704,8.448391,35.405136,23.159714,0.053458795,0.106129505
2011-05-26,0.2601361,8.265191,35.422134,23.034943,-0.007500172,0.13142592
2011-05-27,0.26362643,5.6812143,35.43147,22.971275,-0.098285325,0.077904865
2011-05-28,0.30545017,6.321018,35.423996,22.891047,-0.081179164,0.04192628
2011-05-29,0.2963509,4.7266326,35.427658,22.828396,-0.032340214,0.003105551
2011-05-30,0.32801664,3.7838573,35.430656,22.814127,-0.03673192,0.026982954
2011-05-31,0.35762367,5.8987565,35.439144,22.773401,-0.045555074,0.061273362
2011-06-01,0.38123158,6.4412646,35.449406,22.713087,-0.068223886,0.074808255
2011-06-02,0.39353305,6.6512504,35.45672,22.699343,-0.11756613,0.05734115
2011-06-03,0.42499062,6.4809127,35.46324,22.723349,-0.15475407,0.07241455
2011-06-04,0.36335343,2.8186507,35.465843,22.798216,-0.041883133,-0.05787719
2011-06-05,0.33965737,1.220057,35.467834,22.794756,0.02119071,-0.050312977
2011-06-06,0.32475233,2.6307964,35.46993,22.764347,0.02755473,-0.016031941
2011-06-07,0.32331076,2.0159464,35.470768,22.752367,0.015044479,0.013595219
2011-06-08,0.28438345,3.0643654,35.471302,22.739023,0.04913475,0.012232188
2011-06-09,0.31902608,8.42599,35.471527,22.658962,0.01910919,0.09917626
2011-06-10,0.29206312,7.1485214,35.480423,22.532024,0.0049353237,0.055359084
2011-06-11,0.3280968,11.063015,35.450413,22.4313,-0.067898385,0.11252129
2011-06-12,0.39795536,7.876688,35.434357,22.378777,-0.015444401,0.0052112956
2011-06-13,0.3880131,5.5731573,35.44448,22.361374,-0.011936789,0.05810502
2011-06-14,0.410675,4.0824146,35.45046,22.356056,-0.0046210214,-0.0022999363
2011-06-15,0.41432592,3.743169,35.455315,22.34474,0.012438419,0.00048830226
2011-06-16,0.4141801,5.896243,35.460762,22.308115,0.02659811,-0.00776123
2011-06-17,0.41069636,7.016196,35.46716,22.249454,0.064763054,0.018518044
2011-06-18,0.3957417,10.19412,35.47771,22.131927,0.06915537,0.10081576
2011-06-19,0.365412,5.507568,35.488556,22.012693,0.0021191954,0.03256683
2011-06-20,0.31227064,2.3979363,35.491646,22.037445,0.023685133,-0.010339313
2011-06-21,0.2818285,3.542169,35.49489,22.047075,0.048180874,-0.021002326
2011-06-22,0.23123667,7.0069985,35.498455,22.054228,0.116179764,0.02383108
2011-06-23,0.26275775,7.7254057,35.50932,21.911978,-0.0053775376,0.094405994
2011-06-24,0.23154804,7.953002,35.5173,21.812513,-0.059703484,0.06858771
2011-06-25,0.24482419,9.280886,35.52179,21.759058,-0.08357685,0.08356443
2011-06-26,0.31664905,10.02837,35.52619,21.763466,-0.17542513,0.055319775
2011-06-27,0.33704826,9.01413,35.52899,21.819183,-0.15831794,0.022676604
2011-06-28,0.390109,11.10816,35.533546,21.823017,-0.19875516,0.056739483
2011-06-29,0.4720532,12.440138,35.53566,21.859299,-0.29908887,0.11932169
2011-06-30,0.5856653,13.093818,35.54073,21.994509,-0.4136557,0.16907002
2011-07-01,0.51054054,10.819569,35.55214,22.129427,-0.25785118,0.10145722
2011-07-02,0.42680237,8.926972,35.558838,22.124569,-0.11126877,0.03588448
2011-07-03,0.41785643,6.224362,35.564312,22.09219,-0.062514395,0.0047968836
2011-07-04,0.39394835,2.6973011,35.566986,22.094002,-0.033011127,-0.019462602
2011-07-05,0.35465878,4.290062,35.56953,22.093294,0.056264464,-0.01960854
2011-07-06,0.33200535,5.0630164,35.574753,22.035566,0.06931023,0.017572237
2011-07-07,0.2978009,3.2509732,35.576103,22.019466,0.08477317,-0.0125399735
2011-07-08,0.29521382,7.3780184,35.58213,21.907103,0.04713706,0.06623245
2011-07-09,0.2842736,5.8227224,35.58745,21.84432,0.016302295,0.047081884
2011-07-10,0.32587862,7.4565625,35.596687,21.719128,0.046870146,0.06118322
2011-07-11,0.35161492,8.694449,35.60961,21.57246,0.057446714,0.08887469
2011-07-12,0.38086647,6.409492,35.615273,21.482094,-0.03095843,0.0015181567
2011-07-13,0.38543057,4.317258,35.611107,21.499609,0.021257741,-0.054542944
2011-07-14,0.39963576,5.173191,35.611355,21.486551,0.010471153,-0.014317308
2011-07-15,0.47343266,10.656024,35.616776,21.369759,-0.18869777,0.06743021
2011-07-16,0.5113924,9.637788,35.588863,21.305206,-0.24520649,0.006604151
2011-07-17,0.39925408,6.8241596,35.584705,21.328802,-0.065681554,0.02535042
2011-07-18,0.36810395,5.5852313,35.58992,21.331244,0.007501638,0.015425925
2011-07-19,0.3221064,6.920219,35.595127,21.300924,0.102372214,0.042533465
2011-07-20,0.2913687,9.502819,35.610306,21.180326,0.13015985,0.08856355
2011-07-21,0.26079288,8.654746,35.62276,21.111313,0.12746368,0.07405284
2011-07-22,0.24626829,7.9664383,35.63712,21.019455,0.111658335,0.10254172
2011-07-23,0.19849923,7.1891484,35.642975,20.994213,0.030998522,0.03074177
2011-07-24,0.23412278,6.483606,35.649693,20.914543,-0.046057653,0.02901288
2011-07-25,0.2712877,3.296542,35.637215,20.994446,0.07644339,-0.079900526
2011-07-26,0.31594488,2.6094038,35.635826,21.098017,0.16434912,-0.05852875
2011-07-27,0.32708427,3.7169688,35.64486,21.087597,0.11416029,-0.039608307
2011-07-28,0.35293344,7.744316,35.654537,20.994297,0.030265572,-0.0029624354
2011-07-29,0.3858539,8.1810255,35.658623,20.935192,-0.0069565396,0.012212724
2011-07-30,0.41341236,8.688383,35.65458,20.924047,-0.06456408,0.0043575694
2011-07-31,0.44592053,7.678778,35.647354,20.917583,-0.060198706,0.010945259
2011-08-01,0.4520052,6.7518864,35.648174,20.884342,-0.048287936,0.014067503
2011-08-02,0.44517988,7.2968283,35.65208,20.83199,-0.079019524,0.040081125
2011-08-03,0.41340214,8.258985,35.64941,20.77834,-0.07767348,0.030075554
2011-08-04,0.36654007,9.250982,35.650364,20.75867,-0.047445104,0.017238358
2011-08-05,0.31101587,8.61021,35.653973,20.771252,-0.004185917,-0.039707832
2011-08-06,0.28931257,5.930637,35.651318,20.93154,0.09361929,-0.101496555
2011-08-07,0.30232918,2.773872,35.649544,21.051447,0.1350121,-0.103703804
2011-08-08,0.31780815,5.731662,35.653618,21.043682,0.16720985,-0.08881995
2011-08-09,0.31221816,5.1540546,35.662453,20.937721,0.047386765,0.017179126
2011-08-10,0.36362973,5.3135223,35.66821,20.890434,0.014878566,-0.057158846
2011-08-11,0.39689717,9.822076,35.69107,20.775755,0.17254847,-0.09260117
2011-08-12,0.4094431,7.204895,35.718422,20.624205,-0.016156122,0.094332516
2011-08-13,0.4107012,5.9885354,35.712997,20.596678,-0.058025558,0.013815311
2011-08-14,0.40433466,6.2942734,35.723423,20.567043,0.013663684,0.012214849
2011-08-15,0.38928175,6.3831067,35.737545,20.56403,0.061896276,-0.0122579755
2011-08-16,0.37261325,4.6641574,35.724483,20.632013,0.10480071,-0.068944
2011-08-17,0.3473473,4.306917,35.697823,20.750923,0.12071304,-0.09933626
2011-08-18,0.31781444,5.3788257,35.689823,20.794592,0.15855576,-0.08889041
2011-08-19,0.2556939,5.167043,35.702488,20.739126,0.048403826,0.017156765
2011-08-20,0.20924094,6.1192417,35.69706,20.731653,0.018282454,-0.009808427
2011-08-21,0.23302118,11.801175,35.6938,20.705185,-0.044653676,0.14291658
2011-08-22,0.36385956,13.724432,35.68051,20.67815,-0.26109555,0.19942969
2011-08-23,0.30843157,10.51346,35.678528,20.966562,-0.18276145,-0.00829837
2011-08-24,0.3445596,12.349303,35.692585,21.119219,-0.18178934,0.13939878
2011-08-25,0.3841986,10.716535,35.69834,21.137966,-0.16364862,0.09234638
2011-08-26,0.38559416,7.930106,35.68779,21.18213,-0.056174945,-0.042436063
2011-08-27,0.43800452,6.8151636,35.690414,21.226152,0.054443534,-0.1143872
2011-08-28,0.45756692,3.5182414,35.68918,21.268707,0.08401629,-0.0775194
2011-08-29,0.47421053,4.5839863,35.687687,21.263973,-0.0221629,-0.004101025
2011-08-30,0.484451,4.5370045,35.684437,21.25403,-0.044057876,-0.04074647
2011-08-31,0.4617905,5.3362293,35.6812,21.26479,0.021916358,-0.012726193
2011-09-01,0.43518466,6.557664,35.683712,21.260424,-0.04895449,0.033416416
2011-09-02,0.38491887,8.209566,35.681793,21.22728,-0.06784557,0.046081543
2011-09-03,0.33976734,10.538426,35.682747,21.176208,-0.09282901,0.096590355
2011-09-04,0.2841421,9.157593,35.684467,21.12381,-0.07225872,0.049588002
2011-09-05,0.26352718,9.323161,35.686176,21.116367,-0.067653514,0.037903894
2011-09-06,0.29671556,8.485576,35.680267,21.147385,-0.05391746,-0.008041662
2011-09-07,0.31169423,6.828271,35.681244,21.254656,0.009460202,-0.042356502
2011-09-08,0.3374473,4.5601254,35.68419,21.337208,0.021400282,-0.057661787
2011-09-09,0.37935317,8.702618,35.6722,21.355394,0.11042054,-0.10751877
2011-09-10,0.37452704,10.484238,35.682312,21.25472,0.10540795,0.09553234
2011-09-11,0.39032575,5.932653,35.69231,21.17404,-0.031148916,0.063974805
2011-09-12,0.36912924,5.830087,35.69566,21.151478,-0.06384618,0.034611728
2011-09-13,0.38149852,7.3704643,35.69822,21.131014,-0.12016927,0.045828935
2011-09-14,0.36169523,6.108527,35.70016,21.177011,-0.09601774,-0.0042925463
2011-09-15,0.32343584,2.8643873,35.70461,21.319016,0.0035268804,-0.0564484
2011-09-16,0.302595,2.0163112,35.70723,21.408678,0.031018432,-0.050837938
2011-09-17,0.2714172,1.8289381,35.70956,21.44869,0.079472795,-0.038392127
2011-09-18,0.21861988,1.5923948,35.71341,21.499126,0.060233727,-0.0016449514
2011-09-19,0.21201845,3.5881865,35.717583,21.573717,0.0060260925,-0.061453532
2011-09-20,0.20944443,4.463367,35.72205,21.59569,0.11379545,-0.07479338
2011-09-21,0.19601561,3.9230993,35.72775,21.64017,0.11334878,0.005898394
2011-09-22,0.26860648,7.689171,35.73411,21.696564,-0.03679164,0.02421579
2011-09-23,0.38159326,5.163282,35.727055,21.840832,0.10250408,-0.15129143
2011-09-24,0.4120254,3.470546,35.732834,21.878546,0.15963,-0.13622288
2011-09-25,0.4772371,5.432899,35.73505,21.978678,0.1181486,-0.17288636
2011-09-26,0.46291316,8.006505,35.732464,22.069244,0.03923042,-0.08021492
2011-09-27,0.49458843,7.011665,35.731018,22.09933,-0.0666306,-0.0085515
2011-09-28,0.48713776,4.843949,35.72969,22.11423,-0.026617466,-0.031638462
2011-09-29,0.4728961,7.7088137,35.734055,22.105417,0.090627715,-0.07709018
2011-09-30,0.4290447,5.5151744,35.740406,22.10926,0.11261599,-0.07133221
2011-10-01,0.41677544,8.886432,35.742027,22.10346,0.21461067,-0.12718192
2011-10-02,0.3561681,8.909957,35.75404,21.996235,0.12735172,0.04558708
2011-10-03,0.3344537,7.8602505,35.765762,21.92481,-0.024263587,0.074374706
2011-10-04,0.31392452,7.331193,35.770435,21.853575,-0.1266985,0.029497886
2011-10-05,0.29321182,5.0065823,35.777164,21.81476,-0.03934406,-0.024976464
2011-10-06,0.27339074,4.8199244,35.787075,21.83497,-0.031704675,-0.060589265
2011-10-07,0.3121585,7.246875,35.796127,21.832891,0.078302324,-0.10856472
2011-10-08,0.3455515,7.559618,35.798424,21.86294,0.10781592,-0.12021004
2011-10-09,0.34559107,4.3300667,35.800125,21.908634,0.07672821,-0.037991572
2011-10-10,0.3584319,4.688109,35.802013,21.953167,0.08565228,-0.054025088
2011-10-11,0.37434575,2.6257074,35.802742,22.025187,0.035671838,-0.024190268
2011-10-12,0.38406172,4.5676847,35.805996,22.01484,0.03263545,-0.03306808
2011-10-13,0.363796,7.484053,35.805363,21.995718,-0.05836103,-0.03850877
2011-10-14,0.33922294,4.4910927,35.796978,21.996353,0.04727155,-0.046594445
2011-10-15,0.3404928,7.6946044,35.801674,22.093687,0.12544475,-0.06540712
2011-10-16,0.3090252,5.224574,35.790863,22.223919,-0.005861783,0.0488039
2011-10-17,0.3742168,10.803318,35.799168,22.230238,-0.20798472,0.09234362
2011-10-18,0.39467537,12.719747,35.746742,22.415009,-0.2609378,-0.04692727
2011-10-19,0.2677009,11.054748,35.72467,22.485888,-0.104409575,-0.06523454
2011-10-20,0.261832,9.97517,35.727123,22.463358,-0.07704277,-0.051654704
2011-10-21,0.2997108,8.232718,35.726994,22.471464,-0.060453843,-0.07399774
2011-10-22,0.3018636,7.767246,35.729717,22.463903,-0.041653607,-0.03879762
2011-10-23,0.36667624,7.4976993,35.733307,22.44258,-0.0302722,-0.04048111
2011-10-24,0.41608456,5.299509,35.740242,22.44752,0.047540642,-0.031322528
2011-10-25,0.47225624,3.1398249,35.744606,22.43073,0.04111992,-0.03455331
2011-10-26,0.4879126,2.9319983,35.749695,22.416067,0.0573796,-0.04376688
2011-10-27,0.49844918,4.5429416,35.756916,22.424793,0.028278027,-0.01536604
2011-10-28,0.49081263,5.9067097,35.75999,22.443348,-0.06529749,0.039256446
2011-10-29,0.46952584,4.3729258,35.759686,22.402555,-0.047793392,0.022366485
2011-10-30,0.42558628,3.3276927,35.76068,22.413563,0.013090653,-0.009317997
2011-10-31,0.4375677,5.160637,35.76684,22.49178,0.04568265,-0.00081623736
2011-11-01,0.4577896,9.423506,35.736267,22.726845,-0.050812237,-0.06706422
2011-11-02,0.430467,4.3412485,35.718002,22.816675,0.14347577,-0.21171622
2011-11-03,0.2810482,6.169249,35.757442,22.677631,0.145006,-0.1115515
2011-11-04,0.2674428,4.782557,35.771614,22.724358,0.071707465,-0.067816906
2011-11-05,0.27566144,6.377975,35.77526,22.755518,-0.0057498156,-0.037042413
2011-11-06,0.30590647,5.903293,35.781494,22.735159,0.036465365,-0.01282519
2011-11-07,0.32544327,5.548447,35.785328,22.82103,-0.013950902,0.009079353
2011-11-08,0.36676744,5.7025867,35.788074,22.878517,0.04182466,-0.024414862
2011-11-09,0.37365568,4.776312,35.791912,22.957466,0.06486454,-0.015927762
2011-11-10,0.3719207,3.894483,35.79416,23.036888,0.04823038,-0.019477738
2011-11-11,0.3855457,5.481985,35.798107,23.074593,0.021505056,-0.006768729
2011-11-12,0.39184016,5.544268,35.802773,23.168924,-0.009316575,0.0074451193
2011-11-13,0.36918682,4.9493732,35.8056,23.261402,-0.00440419,-0.0056325863
2011-11-14,0.3740361,4.242844,35.808323,23.40894,-0.080167,0.024657141
2011-11-15,0.35932717,3.4604962,35.810585,23.3988,-0.022093443,-0.046254333
2011-11-16,0.3604902,5.6310625,35.812668,23.50161,-0.043390937,-0.0037533522
2011-11-17,0.35366762,6.5755343,35.815765,23.518412,-0.07292849,-0.0225559
2011-11-18,0.33104375,6.3036146,35.818348,23.401474,-0.029064342,-0.014538037
2011-11-19,0.33145243,6.3219366,35.820297,23.412054,-0.056416366,-0.021961588
2011-11-20,0.31998828,5.6530924,35.821907,23.42598,-0.037980545,-0.0024649384
2011-11-21,0.34786424,5.744587,35.82276,23.468287,-0.03304351,-0.017631643
2011-11-22,0.4024448,6.2644796,35.82617,23.464767,0.029990248,-0.040520545
2011-11-23,0.4510528,5.817184,35.8271,23.524118,0.049853317,-0.054519683
2011-11-24,0.4825836,5.590545,35.82614,23.587976,-0.0014196719,-0.027888866
2011-11-25,0.5101197,5.733175,35.823685,23.646387,-0.07108678,0.016204476
2011-11-26,0.50872827,5.018538,35.822594,23.67032,-0.06391754,-0.007675336
2011-11-27,0.5025896,3.7479012,35.827084,23.795166,-0.047966946,0.0006033793
2011-11-28,0.49033916,5.378231,35.827724,23.92396,-0.10889652,-0.0280899
2011-11-29,0.4775998,8.07041,35.828266,23.971884,-0.15957709,0.028794011
2011-11-30,0.4250395,5.5540543,35.831577,24.011679,-0.12130534,0.025294162
2011-12-01,0.4179339,5.03236,35.831116,24.049152,-0.06535065,0.01476583
2011-12-02,0.44902968,12.69912,35.8288,24.095964,-0.3061144,0.23887385
2011-12-03,0.42153808,11.814669,35.832203,23.633541,-0.34775886,0.15313296
2011-12-04,0.3220061,7.760957,35.8163,23.666002,-0.26110366,0.073415644
2011-12-05,0.27186394,8.354964,35.7843,23.743977,-0.15052867,0.002510122
2011-12-06,0.36451194,10.783172,35.77283,23.856073,-0.2513242,0.007912546
2011-12-07,0.35902506,8.754789,35.69499,24.021048,-0.18634138,-0.16644013
2011-12-08,0.3669657,8.944846,35.72144,24.11491,-0.16699842,0.10340876
2011-12-09,0.3861666,4.905941,35.71914,24.379946,-0.11149264,-0.054943655
2011-12-10,0.3982156,6.4840474,35.70539,24.476625,0.0155966235,-0.14169787
2011-12-11,0.37860793,7.347946,35.70566,24.45116,0.031626426,-0.11991407
2011-12-12,0.3963401,8.190047,35.68318,24.470179,0.12071445,-0.11206688
2011-12-13,0.41943023,6.0538807,35.690453,24.553196,-0.06816814,0.043681446
2011-12-14,0.41539034,6.048352,35.68284,24.499083,-0.119664714,-0.0044141524
2011-12-15,0.43722707,7.835975,35.682983,24.438482,-0.13657501,0.025738355
2011-12-16,0.43722138,9.093038,35.67374,24.386187,-0.25624263,0.09427797
2011-12-17,0.38781786,9.6019335,35.668705,24.338446,-0.25411162,0.0840185
2011-12-18,0.29502687,8.782137,35.680565,24.397736,-0.12871505,0.014386093
2011-12-19,0.2529711,6.326232,35.690323,24.397308,-0.03161222,-0.00016165247
2011-12-20,0.29148486,4.9303346,35.69414,24.445303,-0.011386576,0.03635051
2011-12-21,0.36739692,8.611768,35.698246,24.488863,-0.09356984,0.05196689
2011-12-22,0.45582727,11.350294,35.701073,24.425303,-0.107604116,0.06659436
2011-12-23,0.5398217,12.833554,35.590473,24.373579,-0.22296235,0.17381269
2011-12-24,0.5731877,11.892623,35.61319,24.26627,-0.18501027,0.18623579
2011-12-25,0.59868485,11.4614315,35.612984,24.199614,-0.25149643,0.23173398
2011-12-26,0.46706602,4.994223,35.612843,24.354504,-0.070242904,0.012067269
2011-12-27,0.41437963,4.444163,35.615303,24.424284,0.0649527,-0.0058673844
2011-12-28,0.46219012,7.442091,35.613438,24.58243,-0.058678925,0.097176775
2011-12-29,0.41575122,6.4120455,35.603706,24.692429,-0.2116114,0.11745853
2011-12-30,0.36014524,9.306545,35.599953,24.588177,-0.17663087,0.09907045
2011-12-31,0.3309773,10.518871,35.60115,24.58797,-0.21579848,0.12459815
2012-01-01,0.26623347,9.260846,35.60355,24.663458,-0.18152675,0.105537064
2012-01-02,0.18644872,8.861276,35.607048,24.723783,-0.11619722,0.032401837
2012-01-03,0.22341168,8.201337,35.615692,24.706957,-0.0015048706,0.029806528
2012-01-04,0.23324926,6.7297854,35.618523,24.762648,-0.048216507,0.03407084
2012-01-05,0.31817445,5.357719,35.62238,24.836084,0.05839895,-0.0019144822
2012-01-06,0.3442076,4.74199,35.62445,24.922575,0.07028162,0.018087009
2012-01-07,0.36215007,5.834376,35.62804,24.996792,0.042189464,-0.002534718
2012-01-08,0.40079504,3.733984,35.633408,25.052317,0.11040561,-0.05503552
2012-01-09,0.4122811,6.8573623,35.640724,25.0671,0.12749636,-0.08690571
2012-01-10,0.4015197,7.56075,35.642464,25.137093,0.09473733,-0.0608306
2012-01-11,0.44932896,8.105885,35.64333,25.217407,0.18124892,-0.10075419
2012-01-12,0.47103786,8.202723,35.645416,25.344238,0.07910489,0.058860406
2012-01-13,0.4434097,8.567235,35.652664,25.18411,-0.14523846,0.057067282
2012-01-14,0.4054662,7.6900935,35.658054,25.066294,-0.15136415,0.0785032
2012-01-15,0.3907784,8.005731,35.632854,24.914291,-0.21993792,0.074831806
2012-01-16,0.4821801,14.10287,35.629745,24.693333,-0.40895504,0.16926745
2012-01-17,0.3139989,7.515135,35.58458,24.828733,0.01267226,-0.13212562
2012-01-18,0.26996338,4.6288805,35.591423,24.837778,-0.089577675,0.11088608
2012-01-19,0.41040447,4.2760863,35.59558,24.926315,-0.11097824,0.069535464
2012-01-20,0.46907204,7.8099055,35.59607,24.918781,-0.18238972,0.061657343
2012-01-21,0.516958,8.268523,35.551136,25.014494,-0.21140185,0.06142089
2012-01-22,0.5502126,8.673579,35.506176,25.142538,-0.21908382,0.032771852
2012-01-23,0.54263806,7.280226,35.448875,25.296167,-0.21042661,-0.013114414
2012-01-24,0.54164445,6.312471,35.299187,25.300762,-0.16015281,-0.16575617
2012-01-25,0.4865478,5.5413,35.28762,25.21646,-0.020272907,-0.1662229
2012-01-26,0.44108763,4.9928327,35.341732,25.167953,0.038126033,-0.087588
2012-01-27,0.4000096,7.5623584,35.347557,25.273478,-0.056853317,-0.03577861
2012-01-28,0.3626967,10.647555,35.359623,25.356663,-0.15061542,-0.09314355
2012-01-29,0.2937353,8.936229,35.388775,25.374815,-0.039042395,-0.13724928
2012-01-30,0.2189655,7.224075,35.40311,25.400894,-0.008775921,-0.08577689
2012-01-31,0.21001624,5.781341,35.413578,25.487688,0.025220936,0.018245397
2012-02-01,0.17848368,7.3625813,35.41327,25.626745,-0.063732855,0.014556115
2012-02-02,0.2571486,8.456447,35.414368,25.6917,-0.08516578,0.018815786
2012-02-03,0.31684923,7.0443397,35.422054,25.703203,-0.06725908,0.0299285
2012-02-04,0.36869064,6.6119676,35.431576,25.705902,-0.08443628,0.043513812
2012-02-05,0.42646593,5.236618,35.436398,25.729752,-0.09094166,0.076364085
2012-02-06,0.452831,2.5962963,35.436844,25.80787,-0.101660356,0.07405545
2012-02-07,0.48384467,3.0121207,35.4412,25.8344,-0.058507454,0.025932888
2012-02-08,0.49226633,3.9689128,35.442802,25.879246,-0.0757857,0.056267936
2012-02-09,0.5012311,6.7062607,35.43668,25.968742,-0.10690944,0.12049507
2012-02-10,0.5039164,7.285054,35.438255,26.05877,-0.1624599,0.13003784
2012-02-11,0.4567448,3.5938962,35.434525,26.079329,-0.048506524,0.048546195
2012-02-12,0.41093215,3.1189704,35.436512,26.169731,0.010528775,0.04433517
2012-02-13,0.32099444,4.2003303,35.43817,26.483248,-0.06898729,0.080218956
2012-02-14,0.33216918,7.3950367,35.434067,26.69829,-0.18137221,0.085189275
2012-02-15,0.346575,10.157205,35.442997,26.438196,-0.18743049,0.12164727
2012-02-16,0.36559606,9.701968,35.44845,26.276447,-0.08184623,0.12651114
2012-02-17,0.43551844,9.549438,35.449066,26.37022,-0.061029673,0.15280935
2012-02-18,0.4327087,7.5024643,35.44474,26.352915,-0.08533444,0.09061361
2012-02-19,0.45915794,6.4050455,35.435863,26.289837,0.008547731,0.009501144
2012-02-20,0.4646032,3.6549249,35.4488,26.403067,0.0035977555,0.0019109732
2012-02-21,0.46951318,3.6429195,35.460953,26.392933,0.088413455,-0.04135994
2012-02-22,0.48814106,2.8320155,35.467648,26.648054,0.021428732,0.020303635
2012-02-23,0.58306533,8.229841,35.42164,26.771317,-0.21608032,0.13672486
2012-02-24,0.5983101,13.144952,35.420418,26.451433,-0.4398932,0.2423377
2012-02-25,0.4023358,9.0997095,35.314552,26.224821,-0.10511787,-0.08351485
2012-02-26,0.32858986,11.120445,35.280624,26.207636,-0.08856557,-0.13533264
2012-02-27,0.28123862,9.818302,35.30296,26.163017,-0.03102818,-0.06494731
2012-02-28,0.20757052,8.80934,35.32975,26.180475,0.03593857,-0.10090849
2012-02-29,0.23422322,6.6195726,35.367374,26.208448,0.17390351,-0.07385642
2012-03-01,0.22081739,5.0919194,35.408092,26.19071,0.18242083,-0.043809257
2012-03-02,0.2842639,3.240254,35.416687,26.302809,0.12718461,0.03433867
2012-03-03,0.29516074,8.653986,35.42673,26.336952,0.005136961,0.0066304896
2012-03-04,0.30899,6.8218727,35.423378,26.312716,0.0039117634,-0.0040702745
2012-03-05,0.44052616,5.0571675,35.459423,26.27919,0.24994607,-0.0057585672
2012-03-06,0.5513363,12.661594,35.45281,26.365473,-0.19281788,0.2938005
2012-03-07,0.5117995,10.241889,35.50097,26.12252,-0.159669,0.053139046
2012-03-08,0.5155892,9.296622,35.51119,26.005852,-0.14161628,0.10605418
2012-03-09,0.5289198,6.366026,35.505116,26.034088,-0.1274278,0.1538238
2012-03-10,0.4564472,3.176674,35.49985,26.149303,-0.10741927,0.07914223
2012-03-11,0.43849435,7.624398,35.513664,26.027191,-0.15281643,0.10001185
2012-03-12,0.39926413,9.608496,35.529568,25.818144,-0.19688295,0.09716461
2012-03-13,0.33343682,9.597462,35.55483,25.773775,-0.14901051,0.048914026
2012-03-14,0.27524507,8.210873,35.570522,25.851166,-0.051475294,-0.0017989911
2012-03-15,0.2804342,8.289907,35.57145,25.894646,-0.019244976,0.008099568
2012-03-16,0.29505593,8.14641,35.57451,25.906046,-0.034267396,0.029741576
2012-03-17,0.3368739,6.2264385,35.579407,25.980045,0.0023102092,-0.03187166
2012-03-18,0.4159699,10.188506,35.5561,25.943386,-0.12108397,0.05109527
2012-03-19,0.5071164,12.785934,35.538033,25.79907,-0.32670683,0.16116522
2012-03-20,0.46897492,10.182384,35.49905,25.837278,-0.31317696,0.108152896
2012-03-21,0.39132458,8.584051,35.40962,25.806192,-0.105841056,-0.10633119
2012-03-22,0.38860175,4.059738,35.364212,25.806278,0.10362622,-0.12054944
2012-03-23,0.35581553,4.2618165,35.417576,25.86507,0.09923869,-0.015591437
2012-03-24,0.35597628,7.221722,35.447407,25.869808,-0.037511304,0.10831477
2012-03-25,0.39629006,10.799026,35.43378,25.798986,-0.256206,0.09888099
2012-03-26,0.41578907,11.396827,35.395416,25.64094,-0.30151314,0.12640907
2012-03-27,0.3185723,10.750295,35.351242,25.577024,-0.21100006,0.09657135
2012-03-28,0.296831,10.997324,35.328236,25.562662,-0.20698698,0.092076905
2012-03-29,0.28955984,10.521747,35.305847,25.568443,-0.19843143,0.10868916
2012-03-30,0.3116455,10.83625,35.285152,25.617123,-0.20284185,0.14212504
2012-03-31,0.30080357,10.449176,35.26158,25.688013,-0.21466924,0.112902686
2012-04-01,0.28300902,9.306423,35.25036,25.678158,-0.1500002,0.08381304
2012-04-02,0.29149505,8.309939,35.250412,25.642069,-0.020875007,0.062175654
2012-04-03,0.34176978,4.999746,35.260887,25.643486,0.06261564,0.022637699
2012-04-04,0.3857796,7.5051317,35.274162,25.603363,0.02415118,0.065791875
2012-04-05,0.44061083,7.730835,35.27844,25.535187,-0.084165506,0.0636082
2012-04-06,0.45566222,7.428399,35.27863,25.418299,-0.092874356,0.05782854
2012-04-07,0.4501393,6.050813,35.280384,25.318031,-0.06889895,0.053588007
2012-04-08,0.45649868,7.475112,35.27844,25.255466,-0.11130235,0.08786608
2012-04-09,0.4036839,4.172405,35.275963,25.182827,-0.07688555,0.054721393
2012-04-10,0.40017033,6.468508,35.276962,25.20175,-0.107456796,0.1181281
2012-04-11,0.51884526,12.860749,35.276096,25.050508,-0.3435524,0.19842984
2012-04-12,0.49803388,12.678186,35.253967,24.941977,-0.37970772,0.18219802
2012-04-13,0.44484475,11.794361,35.229836,25.29923,-0.35895082,0.09504246
2012-04-14,0.2529415,10.250568,35.235603,25.49555,-0.16789389,-0.00192795
2012-04-15,0.2783514,8.874018,35.242847,25.459856,0.044582907,-0.03452203
2012-04-16,0.3153373,7.5740957,35.24075,25.39414,0.092456594,-0.01789193
2012-04-17,0.326397,4.5980105,35.222893,25.34272,0.095740825,-0.02053525
2012-04-18,0.33454484,5.137201,35.21236,25.28055,0.047405515,-0.014362825
2012-04-19,0.3343927,5.0352306,35.235786,25.237614,0.078490734,-0.019896926
2012-04-20,0.35511196,4.367017,35.242126,25.195663,0.12459172,-0.011059809
2012-04-21,0.35090914,3.6943932,35.24683,25.180752,0.07876238,0.026385281
2012-04-22,0.3392724,3.1989918,35.25108,25.178963,0.002610216,0.032754503
2012-04-23,0.33309576,4.1649303,35.254284,25.147285,-0.017425371,9.254367e-05
2012-04-24,0.26612496,4.5216656,35.214718,25.105034,0.106069915,-0.028977277
2012-04-25,0.31800738,6.0477805,35.250942,25.101059,0.06507611,0.0919956
2012-04-26,0.3103568,7.2862906,35.262672,25.007818,0.0052059824,0.07898992
2012-04-27,0.2756107,7.547218,35.26669,24.86059,-0.04767892,0.019985748
2012-04-28,0.33304307,10.180761,35.223774,24.679811,-0.11954937,0.16432083
2012-04-29,0.3014137,6.7669544,35.23027,24.612467,-0.09487044,0.11105119
2012-04-30,0.37973392,10.536739,35.23251,24.586578,-0.2588185,0.13058987
2012-05-01,0.29561633,9.657741,35.23627,24.640142,-0.17839971,0.048290092
2012-05-02,0.33983383,8.008487,35.23746,24.671816,-0.06393189,0.020415362
2012-05-03,0.3942505,8.61043,35.23893,24.628885,-0.067799464,0.041235816
2012-05-04,0.4332188,9.057782,35.237465,24.563416,-0.087313294,0.0794246
2012-05-05,0.44847593,5.750417,35.23905,24.516857,-0.06616765,0.06383906
2012-05-06,0.45451343,5.2987504,35.241894,24.493761,-0.10413796,0.049250357
2012-05-07,0.45590046,3.794953,35.2465,24.475,-0.07135198,-0.008993411
2012-05-08,0.43965277,2.9150124,35.252403,24.424318,-0.054230727,0.020457024
2012-05-09,0.44888812,5.8352885,35.26154,24.372591,-0.12142603,0.05285581
2012-05-10,0.4111533,6.9328403,35.274746,24.238983,-0.10434647,0.023752218
2012-05-11,0.32873282,5.761285,35.28625,24.090776,-0.00041630203,0.021475244
2012-05-12,0.2949457,2.353067,35.289364,24.144161,0.07795448,0.03144628
2012-05-13,0.27884948,2.5835295,35.29343,24.281546,0.09008986,0.02530819
2012-05-14,0.3087078,8.991948,35.308285,24.206156,-0.0016508253,0.123630844
2012-05-15,0.2945165,6.9237046,35.32147,24.100355,-0.07534419,0.09346062
2012-05-16,0.33390412,9.037346,35.32994,23.936998,-0.16258462,0.1031741
2012-05-17,0.3343973,7.308828,35.337826,23.688717,-0.1498041,0.069229856
2012-05-18,0.37453666,7.362525,35.340443,23.555088,-0.1722717,0.08305023
2012-05-19,0.4033045,8.319426,35.342403,23.530079,-0.19678132,0.085655585
2012-05-20,0.4008353,7.5717072,35.349545,23.55074,-0.17178361,0.0394119
2012-05-21,0.40117773,7.4539742,35.352875,23.561039,-0.13992517,0.012249966
2012-05-22,0.3654781,7.520559,35.357655,23.53734,-0.11324397,-0.016793016
2012-05-23,0.41727674,8.453281,35.3646,23.514118,-0.18606308,0.014863251
2012-05-24,0.39361843,7.7749405,35.374363,23.51829,-0.16254991,-0.023123527
2012-05-25,0.35452893,5.119898,35.374928,23.509304,-0.07946014,0.011825071
2012-05-26,0.33109555,6.9930296,35.37914,23.415934,-0.008658755,0.042936582
2012-05-27,0.3347309,7.3610253,35.388893,23.317814,-0.020760108,0.06818759
2012-05-28,0.41328597,10.615095,35.396748,23.245726,-0.1377408,0.1606936
2012-05-29,0.42747495,11.109756,35.39862,23.18046,-0.2772498,0.1460314
2012-05-30,0.4598085,12.8766,35.404217,23.248877,-0.38643825,0.10998882
2012-05-31,0.3796723,11.535577,35.408356,23.367632,-0.25072703,0.0734852
2012-06-01,0.4249773,9.93264,35.408314,23.451048,-0.19309697,6.8716705e-05
2012-06-02,0.4241345,7.0077825,35.39133,23.45844,-0.08291694,-0.04394408
2012-06-03,0.44167843,3.4106581,35.35366,23.403854,-0.009469492,-0.059672333
2012-06-04,0.44547108,5.8052487,35.38051,23.3689,0.036486354,0.0070936163
2012-06-05,0.4387154,7.3239183,35.386173,23.272835,0.009870141,0.027173623
2012-06-06,0.44000512,8.2211685,35.393806,23.13638,-0.034434676,0.071638495
2012-06-07,0.47506085,8.737005,35.399586,23.02759,-0.13438225,0.12387051
2012-06-08,0.48671293,9.437989,35.402332,22.862574,-0.21858665,0.09265714
2012-06-09,0.44516554,9.329371,35.387856,22.738522,-0.20378812,0.031416573
2012-06-10,0.34592545,12.384782,35.36605,22.702686,-0.14575107,0.11819413
2012-06-11,0.30368257,10.504378,35.37554,22.64932,-0.019874359,0.16531083
2012-06-12,0.34016484,11.278757,35.38437,22.604122,-0.0689601,0.2212225
2012-06-13,0.35656533,10.048166,35.388447,22.715223,-0.2282238,0.14955671
2012-06-14,0.3086904,7.9920206,35.39152,22.74039,-0.092560105,0.087476715
2012-06-15,0.3358095,4.880265,35.39209,22.741617,-0.024809748,0.0036483377
2012-06-16,0.34137788,5.2444153,35.392887,22.730597,0.032333337,-0.048785493
2012-06-17,0.35394618,5.1001477,35.394722,22.677153,0.07441584,0.014082711
2012-06-18,0.3916012,7.788959,35.40302,22.544554,0.010861108,0.080490954
2012-06-19,0.40777832,5.7653008,35.405273,22.478014,-0.0893863,0.039844815
2012-06-20,0.4026994,4.5922375,35.40275,22.46519,-0.10808948,0.03837284
2012-06-21,0.4213012,4.8414865,35.399662,22.45203,-0.1334194,0.005797892
2012-06-22,0.3597682,5.229309,35.399094,22.392206,-0.041296475,-0.029519815
2012-06-23,0.40176493,7.9373345,35.399216,22.331192,-0.09240529,0.087038375
2012-06-24,0.5370455,12.603658,35.39418,22.244976,-0.29377228,0.2097495
2012-06-25,0.47011268,11.388492,35.38446,22.245684,-0.33778238,0.124180645
2012-06-26,0.41897967,10.215448,35.348698,22.341154,-0.32448775,0.06090199
2012-06-27,0.37554106,11.824529,35.3502,22.506813,-0.2747264,0.13461123
2012-06-28,0.3301568,10.252185,35.357655,22.523594,-0.026977807,0.16201353
2012-06-29,0.3303579,7.188623,35.359554,22.488045,-0.031111214,0.09300625
2012-06-30,0.35001138,3.5131507,35.36017,22.506195,-0.035708677,0.0061243987
2012-07-01,0.38729823,1.7522079,35.361095,22.51127,0.032953277,-0.04439187
2012-07-02,0.45801568,8.996703,35.36757,22.406775,-0.005848634,0.051308274
2012-07-03,0.46955177,6.013248,35.37472,22.30696,-0.018179145,-0.02266338
2012-07-04,0.4475672,6.4416957,35.37984,22.237972,-0.015453003,-0.00038558
2012-07-05,0.46659818,9.414267,35.38526,22.147669,-0.14634958,0.09208373
2012-07-06,0.60502946,12.060354,35.36346,22.283031,-0.35447645,0.11078162
2012-07-07,0.436046,11.035645,35.330574,22.682398,-0.21346028,-0.02769205
2012-07-08,0.34579706,9.757052,35.32495,22.834846,-0.07236461,-0.07764436
2012-07-09,0.29761598,9.833386,35.32395,22.816994,-0.021003114,-0.080485195
2012-07-10,0.29578206,9.474,35.326008,22.784475,-0.060297728,-0.09279207
2012-07-11,0.24834296,6.274727,35.324905,22.8059,0.041949432,-0.11161758
2012-07-12,0.2522363,7.4303293,35.324085,22.814415,0.03609107,-0.12712291
2012-07-13,0.2993403,6.9070954,35.322163,22.816696,0.13423698,-0.14802301
2012-07-14,0.29331234,5.4186096,35.309967,22.732594,0.14635321,-0.10213983
2012-07-15,0.31260455,7.659657,35.287415,22.622654,-0.043992497,0.102887906
2012-07-16,0.37783125,9.49699,35.325542,22.478952,-0.16732572,0.056797527
2012-07-17,0.38457176,8.402112,35.33959,22.308842,-0.1444369,0.014739678
2012-07-18,0.379772,3.9896588,35.340717,22.25541,-0.09568901,0.02909312
2012-07-19,0.38904577,7.914273,35.34279,22.227608,-0.056365736,0.09722985
2012-07-20,0.43220353,8.922839,35.350376,22.156029,-0.1292414,0.12202987
2012-07-21,0.40586308,10.471916,35.355507,22.099028,-0.16035004,0.1424592
2012-07-22,0.54284525,11.566452,35.358463,22.07086,-0.3122639,0.2286435
2012-07-23,0.42442858,10.197121,35.351513,22.052763,-0.24306108,0.1278953
2012-07-24,0.31480458,9.705734,35.35347,22.056713,-0.09877612,0.080672905
2012-07-25,0.27106777,6.917493,35.360344,22.031223,0.03505365,0.024661595
2012-07-26,0.25872606,3.5092494,35.365376,22.006624,0.06936947,0.018143645
2012-07-27,0.27863637,5.085659,35.369843,21.979641,0.025096105,0.018218568
2012-07-28,0.34235287,9.826333,35.378807,21.875395,-0.006615406,0.103467055
2012-07-29,0.34969676,6.1036396,35.38338,21.83527,0.03149819,-0.0014367136
2012-07-30,0.39499596,4.0233464,35.387833,21.810719,-0.020471036,0.032454085
2012-07-31,0.47325486,6.621749,35.38871,21.78145,-0.18466498,0.058227185
2012-08-01,0.4715895,4.581082,35.3794,21.80386,-0.14538176,-0.0037292093
2012-08-02,0.4400918,6.1045256,35.377693,21.770857,-0.027530467,0.012754418
2012-08-03,0.44731206,2.1241999,35.378883,21.775167,-0.0848278,0.011568825
2012-08-04,0.40761295,3.8533027,35.37781,21.779692,-0.04300162,-0.0035283843
2012-08-05,0.3701652,1.7793647,35.37574,21.788363,0.02342524,-0.030021343
2012-08-06,0.33287373,4.542298,35.374264,21.746075,0.1526281,-0.057349615
2012-08-07,0.28050342,3.5067723,35.37858,21.742832,0.1358744,-0.02038824
2012-08-08,0.25507578,1.9403834,35.384552,21.773405,0.09835377,-0.010291657
2012-08-09,0.29610077,6.3208528,35.39159,21.7672,0.15897173,-0.060656283
2012-08-10,0.33402434,12.226656,35.410355,21.618076,0.1519167,0.20210196
2012-08-11,0.34548393,7.5920277,35.416832,21.496122,-0.1724426,0.13471477
2012-08-12,0.28176054,6.287313,35.39078,21.479902,-0.11396999,0.03748525
2012-08-13,0.36163303,9.750764,35.379955,21.454163,-0.18112446,0.14388807
2012-08-14,0.35106152,5.622491,35.3698,21.500225,-0.08663136,-0.0060203904
2012-08-15,0.3525511,2.1703947,35.36632,21.580069,0.043127462,-0.053700235
2012-08-16,0.3832877,4.0630994,35.36692,21.598068,0.06242462,-0.07249119
2012-08-17,0.40874007,6.826882,35.367935,21.576517,0.06988322,-0.097472005
2012-08-18,0.415384,5.012592,35.36849,21.535746,0.065769605,-0.05871167
2012-08-19,0.42912227,5.4574475,35.371174,21.461412,-0.017303012,0.021372618
2012-08-20,0.4041228,3.4971774,35.373547,21.421183,0.0035965503,-0.0047771432
2012-08-21,0.37769148,4.385731,35.379066,21.416878,0.00073087064,0.01939085
2012-08-22,0.33200508,2.9247568,35.384323,21.445051,0.066173136,-0.01649923
2012-08-23,0.30253425,3.1843903,35.395008,21.484283,0.10715798,-0.032078806
2012-08-24,0.28974313,4.7190638,35.405834,21.499851,0.14197803,-0.090405636
2012-08-25,0.28342932,3.7963142,35.417187,21.496119,0.1643644,-0.058127593
2012-08-26,0.3104516,2.8138556,35.429947,21.475805,0.09339665,-0.020943932
2012-08-27,0.33903763,6.207329,35.441544,21.466442,0.0031918332,0.041666202
2012-08-28,0.41594484,5.8956146,35.428097,21.475948,-0.1130698,0.03874162
2012-08-29,0.4111304,2.9615102,35.41023,21.483109,-0.057238195,0.0059064375
2012-08-30,0.40763447,4.1595516,35.408318,21.487764,-0.008367551,-0.0060661915
2012-08-31,0.422818,4.8077602,35.423805,21.511543,0.06073839,-0.019700544
2012-09-01,0.42301372,7.2485285,35.442722,21.488174,0.023555135,0.06715738
2012-09-02,0.39597777,5.7376037,35.441147,21.487452,-0.029083475,0.030981608
2012-09-03,0.3660487,5.292981,35.439907,21.487383,-0.021712825,0.037522152
2012-09-04,0.33127627,5.6076317,35.43054,21.46809,-0.06494714,0.024943797
2012-09-05,0.2798218,6.042919,35.424187,21.442894,-0.0040498083,-0.03252575
2012-09-06,0.26783732,5.6022835,35.441265,21.530128,0.12469347,-0.048020266
2012-09-07,0.27217543,6.154544,35.464977,21.600712,0.14802597,-0.051066834
2012-09-08,0.21253692,6.2555866,35.472855,21.611048,0.14302464,-0.00515116
2012-09-09,0.22457772,6.1041274,35.47395,21.617653,0.03890439,-0.003329121
2012-09-10,0.21903872,7.432243,35.44733,21.607882,0.027944284,-0.06890062
2012-09-11,0.22695002,6.2208548,35.44557,21.627188,-0.050164856,0.006383869
2012-09-12,0.30274212,6.26129,35.43036,21.688986,-0.1093481,-0.022948679
2012-09-13,0.34766746,4.4724455,35.420265,21.76773,-0.028042845,-0.08139455
2012-09-14,0.36319053,7.5129724,35.420216,21.765182,0.05899819,-0.027348906
2012-09-15,0.41743553,7.7256927,35.428802,21.752445,-0.08367593,0.008313799
2012-09-16,0.45361805,6.919156,35.431572,21.741241,-0.10735197,-0.00963013
2012-09-17,0.4476751,5.032367,35.431133,21.752323,-0.019535009,-0.016288513
2012-09-18,0.43921983,4.2630095,35.431355,21.771318,-0.0052959346,0.015339358
2012-09-19,0.4129472,2.7625349,35.437355,21.834042,0.030826997,0.0048812614
2012-09-20,0.37637013,3.8116283,35.443966,21.903467,0.05537473,-0.04101115
2012-09-21,0.34318843,4.9588203,35.45189,21.958292,0.13534433,-0.07932669
2012-09-22,0.31402677,6.1606874,35.460163,21.993402,0.1737827,-0.092916906
2012-09-23,0.30414513,7.236117,35.463486,22.025103,0.19207038,-0.092597015
2012-09-24,0.27547997,6.7192645,35.467175,22.087282,0.08861515,-0.064748876
2012-09-25,0.30670136,5.4104733,35.465454,22.096481,0.027274076,-0.015104805
2012-09-26,0.37350163,9.147148,35.461422,22.03438,-0.08815732,0.019140579
2012-09-27,0.39417356,6.7310414,35.464424,21.939749,-0.043273807,-0.0077200294
2012-09-28,0.39724985,4.869306,35.468353,21.93425,-0.009628308,-0.012955167
2012-09-29,0.4026747,5.998687,35.47153,21.949999,0.08183066,-0.04954122
2012-09-30,0.40110818,5.5305963,35.474686,22.012146,0.088010505,-0.00028253347
2012-10-01,0.41137987,9.432638,35.472275,22.005272,-0.07554614,0.07122254
2012-10-02,0.4053663,11.672724,35.464096,21.952497,-0.11020895,-0.0024944749
2012-10-03,0.39599612,10.418542,35.4247,22.447517,-0.077299245,-0.082507834
2012-10-04,0.37734354,6.374161,35.39557,22.889051,0.10057669,-0.21264191
2012-10-05,0.3675601,4.257173,35.409523,22.814545,0.17024232,-0.20005657
2012-10-06,0.3082054,4.0640817,35.440113,22.628977,0.18595108,-0.13982853
2012-10-07,0.3138663,7.0309863,35.45857,22.581205,0.23377824,-0.13910611
2012-10-08,0.29199874,5.7262135,35.469288,22.631554,0.2200003,-0.115385555
2012-10-09,0.2680332,5.212444,35.472374,22.718937,0.1044086,-0.12554543
2012-10-10,0.31916073,6.4036,35.477406,22.790096,0.2119534,-0.12698309
2012-10-11,0.3717533,9.407522,35.495464,22.752981,0.1939959,-0.16560106
2012-10-12,0.38221532,9.671911,35.5088,22.659756,0.24729504,-0.006750518
2012-10-13,0.38858193,5.3877835,35.522697,22.567738,0.04452199,0.0005611428
2012-10-14,0.4265445,3.9697027,35.521072,22.536283,0.067417674,-0.04982822
2012-10-15,0.45702404,5.286088,35.516823,22.513058,0.050738648,-0.06603006
2012-10-16,0.49470145,6.0982766,35.492027,22.589506,0.065792166,-0.14632836
2012-10-17,0.52613753,3.4873688,35.4566,22.794605,0.19176602,-0.19708942
2012-10-18,0.4472964,2.9837291,35.478283,22.754858,0.10515108,-0.09159327
2012-10-19,0.38574785,4.5826015,35.478718,22.785248,0.017423712,-0.06586584
2012-10-20,0.3518895,4.5948267,35.477108,22.858948,-0.0076873717,-0.0294253
2012-10-21,0.3281787,5.652788,35.477398,22.917465,0.07391567,-0.08464594
2012-10-22,0.3019247,5.066306,35.482952,22.978283,0.08252473,-0.07124031
2012-10-23,0.33612478,12.545952,35.49946,22.916609,-0.035570666,0.18699682
2012-10-24,0.42630672,11.722261,35.503914,22.794376,-0.2945058,0.17752956
2012-10-25,0.37851712,5.289836,35.4618,22.8652,-0.13533466,-0.044199917
2012-10-26,0.35923675,3.3535588,35.458054,22.914879,0.06489445,-0.09661588
2012-10-27,0.36437768,5.376844,35.483074,22.907782,0.16416013,-0.06698265
2012-10-28,0.3913851,12.399728,35.47792,22.906218,-0.14217119,0.10829013
2012-10-29,0.4098642,9.883978,35.468338,22.882057,-0.097612746,0.05086081
2012-10-30,0.38773862,5.7609224,35.462635,22.921394,-0.116004705,0.034914304
2012-10-31,0.36619213,3.3436067,35.447147,22.953012,-0.060456347,0.0009839671
2012-11-01,0.348415,4.170067,35.447983,23.040302,0.03585969,-0.034336086
2012-11-02,0.33592838,9.167445,35.45792,23.14108,0.15188146,-0.071310945
2012-11-03,0.34729838,9.689941,35.46868,23.211416,-0.09374389,0.06379198
2012-11-04,0.34514734,7.75553,35.465614,23.184828,-0.16221023,0.056167386
2012-11-05,0.35794085,7.208763,35.462013,23.0277,-0.22620307,0.098627985
2012-11-06,0.34330505,7.3599,35.464424,22.983728,-0.19334303,0.06479822
2012-11-07,0.29926577,5.895649,35.463425,23.00733,-0.1551684,-0.008644259
2012-11-08,0.32708097,6.077153,35.458866,23.026102,0.03750895,-0.0975113
2012-11-09,0.27322328,5.3762536,35.463364,23.102795,0.052427378,-0.029811423
2012-11-10,0.34033984,4.311987,35.465645,23.183311,0.09327146,-0.02161309
2012-11-11,0.46796647,12.658164,35.465096,23.227158,-0.1872884,0.2215815
2012-11-12,0.57232773,11.803392,35.464836,23.155083,-0.40485257,0.187132
2012-11-13,0.47316438,6.4579334,35.445873,23.24013,-0.17394994,0.019860022
2012-11-14,0.4579893,4.2671065,35.446587,23.177795,-0.0021097849,-0.021104278
2012-11-15,0.43902218,4.212573,35.45087,23.23889,0.03788864,-0.0049485993
2012-11-16,0.4298577,6.1848764,35.458805,23.328167,-0.001614569,-0.0065233987
2012-11-17,0.39429355,6.8578243,35.463768,23.361502,0.012186306,-0.03488038
2012-11-18,0.36964625,7.0016613,35.467014,23.436914,0.005281485,-0.04675234
2012-11-19,0.34350386,5.435399,35.46983,23.571705,0.10640716,-0.0256906
2012-11-20,0.30305186,8.404336,35.476963,23.74015,-0.108799696,0.10149214
2012-11-21,0.30181447,7.6340866,35.505623,23.819715,-0.18730497,0.11403558
2012-11-22,0.24753085,3.537117,35.52301,23.90674,-0.06316207,0.054164007
2012-11-23,0.26741987,5.353149,35.531956,23.98025,-0.034973428,0.033239886
2012-11-24,0.2793479,5.804747,35.53656,24.06336,-0.013909523,0.012129337
2012-11-25,0.32701677,5.466362,35.522285,24.043945,0.061361533,-0.0084085185
2012-11-26,0.35427675,5.670077,35.51485,24.113562,0.09696875,-0.011813876
2012-11-27,0.37915096,6.390653,35.509995,24.173635,0.029800687,-0.043189544
2012-11-28,0.4032754,4.3951173,35.508854,24.233425,-0.024103962,0.022410851
2012-11-29,0.42126006,4.0889115,35.52456,24.319628,-0.08060462,0.024820061
2012-11-30,0.38785765,4.548011,35.52677,24.353456,0.016192127,-0.0069162976
2012-12-01,0.37183058,5.1392894,35.53337,24.560076,0.007084872,0.0058960747
2012-12-02,0.3549409,4.289708,35.538563,24.638222,0.015496405,-0.0149919875
2012-12-03,0.3061998,5.176836,35.53801,24.683527,0.08081952,-0.04428269
2012-12-04,0.30798358,9.236888,35.53882,24.704565,0.17491508,-0.09731228
2012-12-05,0.22145084,5.563344,35.54902,24.843895,0.042212866,0.04993483
2012-12-06,0.25529963,5.835466,35.562912,24.96709,-0.049140472,0.09440525
2012-12-07,0.28232276,6.719875,35.569214,25.09053,-0.16124937,0.02649187
2012-12-08,0.28479806,6.727144,35.56786,24.875307,-0.181847,0.028313763
2012-12-09,0.3058675,6.483691,35.567513,24.748743,-0.13257976,0.055792924
2012-12-10,0.4014652,8.265782,35.57743,24.856647,-0.17440456,0.11270748
2012-12-11,0.5394775,10.722458,35.58252,24.675705,-0.28589055,0.16829325
2012-12-12,0.6234969,12.317516,35.569065,24.499336,-0.40087414,0.21941276
2012-12-13,0.59388244,10.691784,35.512775,24.421194,-0.3509705,0.14932898
2012-12-14,0.5229748,9.37711,35.499454,24.61689,-0.2268829,0.08337079
2012-12-15,0.47686666,6.188613,35.48244,24.755278,-0.11957839,0.0028032241
2012-12-16,0.445319,3.9838836,35.465275,24.832758,0.02573504,-0.09298342
2012-12-17,0.39811614,7.2779894,35.469185,24.779327,0.07552967,-0.097035944
2012-12-18,0.34404844,6.330511,35.475697,24.824772,0.06349241,-0.07546462
2012-12-19,0.29860884,4.850445,35.4888,24.894037,0.09379237,-0.058475196
2012-12-20,0.27086458,3.8608794,35.51755,25.069809,0.1164178,-0.0032689546
2012-12-21,0.20613924,5.1840734,35.53622,25.211477,-0.027518459,0.020673798
2012-12-22,0.20658714,8.083297,35.526913,25.144842,-0.090201855,-0.028361121
2012-12-23,0.29177666,7.9426537,35.503952,24.999054,0.044912066,-0.030785939
2012-12-24,0.32015234,7.199623,35.52745,25.146873,-0.024727471,0.028289
2012-12-25,0.365902,4.4405427,35.519737,25.132364,0.040732857,-0.010007169
2012-12-26,0.4192233,3.033191,35.539536,25.334574,-0.060493577,0.013478555
2012-12-27,0.48153913,5.490059,35.549686,25.389198,-0.1350168,0.027710224
2012-12-28,0.49165,5.0844154,35.55077,25.334547,-0.10662819,0.023950838
2012-12-29,0.4856674,6.6302567,35.551098,25.37478,-0.11244616,0.0630561
2012-12-30,0.5019315,11.314594,35.556896,25.334118,-0.19711867,0.12000923
2012-12-31,0.5130779,11.865715,35.54292,25.052248,-0.31651062,0.14614141
2013-01-01,0.4267984,8.23883,35.52411,24.943312,-0.06126969,-0.04580714
2013-01-02,0.3713455,5.989138,35.52162,25.007427,-0.0006245954,0.041684415
2013-01-03,0.37012815,9.124278,35.511368,25.126923,-0.11607988,0.07793244
2013-01-04,0.42948171,10.372603,35.50023,25.14267,-0.31940976,0.16800067
2013-01-05,0.32994488,9.123162,35.46347,25.174692,-0.2580365,0.04206556
2013-01-06,0.26566046,9.082849,35.46444,25.197763,-0.16627477,0.06489197
2013-01-07,0.31477618,9.55476,35.454983,25.197315,-0.19200976,0.058558475
2013-01-08,0.3461275,4.9609103,35.440624,25.23823,-0.12690777,0.018113742
2013-01-09,0.38912466,5.744275,35.428993,25.270319,-0.032011613,-0.06268881
2013-01-10,0.44284922,5.245469,35.430214,25.273462,0.023352629,-0.060112678
2013-01-11,0.505633,4.8080754,35.434986,25.363918,-0.034530703,0.0013212197
2013-01-12,0.5220319,4.2432275,35.43603,25.467094,-0.077180214,0.017350445
2013-01-13,0.51028115,4.147294,35.43591,25.496475,-0.057291303,0.015328058
2013-01-14,0.4903834,5.190455,35.43863,25.497025,-0.014410444,-0.0073577245
2013-01-15,0.5223435,8.57142,35.437435,25.587826,-0.18361427,0.10310769
2013-01-16,0.3923444,8.383493,35.42663,25.38022,-0.18127687,0.03683621
2013-01-17,0.29927477,5.614355,35.427647,25.364927,-0.04473722,0.018078
2013-01-18,0.2626239,4.582108,35.436268,25.6052,-0.07931169,0.0445044
2013-01-19,0.27622786,3.9979475,35.43973,25.812895,-0.0607975,0.0418107
2013-01-20,0.3075761,5.9774904,35.439426,25.806335,-0.09820091,0.011029
2013-01-21,0.3433374,6.6832814,35.4465,25.856524,-0.11285577,0.049561225
2013-01-22,0.37840644,7.027419,35.4474,25.765568,-0.1592149,0.029121945
2013-01-23,0.41089627,9.482762,35.441383,25.49413,-0.17406344,-0.04172575
2013-01-24,0.49061856,8.796522,35.286526,25.417543,-0.061600003,-0.18575081
2013-01-25,0.6001545,15.269279,35.096973,25.368435,-0.27549398,-0.33842987
2013-01-26,0.575282,14.141504,35.069508,25.40753,-0.08879656,-0.35967004
2013-01-27,0.53979063,14.160804,35.086876,25.434137,0.07177207,-0.3405205
2013-01-28,0.5664862,7.8380904,34.969463,25.955767,0.33621436,0.03054064
2013-01-29,0.52771443,3.9216857,34.8281,26.225641,0.08554688,0.108786486
2013-01-30,0.5484053,5.38356,34.853283,26.260477,-0.0029572616,0.038574856
2013-01-31,0.4257062,6.3768263,34.93145,26.10675,-0.1296166,0.049987476
2013-02-01,0.33781505,3.5087812,34.94302,26.181614,-0.07290191,0.070539005
2013-02-02,0.2777109,5.0142617,34.89525,26.389824,-0.04431943,0.1107697
2013-02-03,0.34142125,6.573198,34.80439,26.543129,-0.18897404,0.18028645
2013-02-04,0.41241488,8.514552,34.841873,26.45784,-0.23481047,0.22713125
2013-02-05,0.57426137,11.279556,35.09681,25.792252,-0.42491546,0.26841363
2013-02-06,0.47697437,9.779372,35.212067,25.85338,-0.39831322,0.071378514
2013-02-07,0.39753497,9.288632,35.212368,25.918386,-0.17591071,0.0479932
2013-02-08,0.41206226,8.066533,35.212635,25.936092,-0.06201547,0.013048072
2013-02-09,0.47167453,6.0322914,35.211575,25.914913,0.03837376,-0.07399897
2013-02-10,0.4747715,5.944678,35.216305,25.8426,-0.025422173,-0.008776707
2013-02-11,0.45946038,7.540496,35.225666,25.722277,-0.033652686,0.03202727
2013-02-12,0.48029652,10.40544,35.226444,25.724342,-0.12322716,0.12965775
2013-02-13,0.50380576,11.328921,35.232822,25.656525,-0.28434217,0.17506438
2013-02-14,0.37877455,9.235116,35.245697,25.47434,-0.20955203,0.08215528
2013-02-15,0.27825153,8.489551,35.231342,25.49335,-0.101944044,-0.012761185
2013-02-16,0.22811285,8.661187,35.215805,25.464699,-0.03600688,-0.016692497
2013-02-17,0.2376852,9.370843,35.206177,25.515512,-0.023704926,0.048874218
2013-02-18,0.18347132,8.456544,35.138382,25.527775,-0.06076903,-0.03311797
2013-02-19,0.37190443,5.6308694,35.140003,25.571554,0.20730057,0.0578539
2013-02-20,0.3714788,4.291042,35.15297,25.836315,-0.07583531,0.1325303
2013-02-21,0.43418193,4.8199873,35.15453,25.835688,-0.19230855,0.14432389
2013-02-22,0.3849,5.683268,35.145702,25.626377,-0.16589785,0.05568924
2013-02-23,0.34489623,6.704198,35.19381,25.57935,0.0005974235,-0.018093072
2013-02-24,0.38737532,6.0242043,35.183693,25.597748,-0.04453797,-0.040869117
2013-02-25,0.4745966,7.21303,35.08635,25.523655,0.019492475,-0.16063067
2013-02-26,0.46954563,10.478909,35.07464,25.49616,0.0063538565,-0.16306186
2013-02-27,0.508921,11.232517,34.96884,25.57126,-0.08818044,-0.18445446
2013-02-28,0.45138577,7.3461323,35.007587,25.603436,0.037147284,-0.116598114
2013-03-01,0.40462026,5.521416,35.039772,25.586418,0.061773803,-0.09920086
2013-03-02,0.36601475,9.199329,34.941025,25.52897,-0.041008476,-0.15346931
2013-03-03,0.3453892,12.219527,34.927185,25.51724,-0.1908635,-0.0056404676
2013-03-04,0.48476085,13.552706,34.88747,25.778685,-0.45323277,0.065070406
2013-03-05,0.535796,14.109327,34.920483,25.838495,-0.4968598,0.12541674
2013-03-06,0.37962705,13.223508,34.93601,25.865936,-0.32013634,0.061659046
2013-03-07,0.3175872,11.479025,34.96224,25.858847,-0.12441659,-0.011961875
2013-03-08,0.3758687,11.491159,34.98639,25.744295,-0.10259848,0.028773766
2013-03-09,0.42264178,11.652954,35.007614,25.535059,-0.1375448,0.06104127
2013-03-10,0.42398033,11.084372,35.018436,25.377844,-0.13996536,0.058146518
2013-03-11,0.4234252,11.618899,35.0246,25.28438,-0.12282958,0.054786123
2013-03-12,0.42527008,11.532023,35.033222,25.234678,-0.15625635,0.1049675
2013-03-13,0.41576558,9.853301,35.03554,25.293129,-0.16618945,0.14298825
2013-03-14,0.34056094,6.8446407,35.03545,25.37557,-0.08574338,0.103453524
2013-03-15,0.38144666,8.407852,35.03276,25.453953,-0.22114134,0.105343014
2013-03-16,0.2869579,7.1926017,35.0325,25.52479,-0.18437725,-0.016952554
2013-03-17,0.18274513,4.2744293,35.037106,25.542536,-0.012725086,-0.034806997
2013-03-18,0.4068845,12.509333,35.04185,25.53223,-0.2747814,0.09179218
2013-03-19,0.4763144,14.289197,35.02904,25.656502,-0.46155664,0.07912363
2013-03-20,0.40369552,12.798546,34.9975,25.831175,-0.3856861,0.06629492
2013-03-21,0.2587444,9.352275,34.99521,25.947775,-0.22743273,-0.0038384092
2013-03-22,0.24686149,6.7705007,35.014313,26.008802,-0.063703135,-0.07027318
2013-03-23,0.31031382,5.2049675,35.023907,25.998026,0.07833585,-0.06358442
2013-03-24,0.34462863,3.7135909,35.02402,25.954813,0.12143959,-0.028892107
2013-03-25,0.36195678,5.511427,35.02461,25.893223,0.071209036,0.00525657
2013-03-26,0.38331243,8.320452,35.032322,25.796074,-0.0046927696,0.032536995
2013-03-27,0.41409054,8.181993,35.038696,25.70238,-0.08129639,0.031059934
2013-03-28,0.41713345,7.531881,35.045773,25.593567,-0.044164266,0.024883855
2013-03-29,0.39749014,4.3106375,35.04845,25.582163,0.07180445,0.004198332
2013-03-30,0.35725895,4.356466,35.04942,25.616014,0.059093606,0.027581388
2013-03-31,0.29709792,2.7491179,35.049377,25.631557,0.08062504,0.019351419
2013-04-01,0.309238,3.2575793,35.0343,25.671915,0.10319333,0.061290722
2013-04-02,0.30968744,3.765618,35.04282,25.683313,0.094858475,0.05570726
2013-04-03,0.30980977,5.9595914,35.05432,25.661745,0.015980665,0.053373836
2013-04-04,0.3510521,9.158685,35.059624,25.590199,-0.08687796,0.09294864
2013-04-05,0.4168786,11.268459,35.066036,25.306765,-0.1887586,0.10797121
2013-04-06,0.36643532,10.828688,35.06848,24.993439,-0.18360206,-0.01851797
2013-04-07,0.3870534,8.08144,35.06693,24.91643,0.009848081,-0.043594446
2013-04-08,0.3859576,8.53635,35.06785,24.84899,-0.049841538,0.0074143503
2013-04-09,0.4005039,9.493172,35.075275,24.777401,-0.104459785,0.01702112
2013-04-10,0.38950366,9.462272,35.084423,24.689985,-0.13397068,0.05226208
2013-04-11,0.41155043,12.240962,35.089775,24.565441,-0.20767318,0.04723118
2013-04-12,0.41822967,12.432594,35.076534,24.498041,-0.2337524,0.031088535
2013-04-13,0.3431195,10.311341,35.06501,24.569035,-0.12257528,0.11896116
2013-04-14,0.29255855,7.5078588,35.072342,24.574354,-0.0129456185,0.077535875
2013-04-15,0.2517042,2.7845004,35.07075,24.674765,0.15894498,-0.01904378
2013-04-16,0.25618672,1.5825886,35.06594,24.799503,0.18024322,-0.03955233
2013-04-17,0.259628,2.9317303,35.06501,24.849491,0.21904835,-0.05022196
2013-04-18,0.2806698,2.1334257,35.066803,24.913128,0.25237247,-0.035591055
2013-04-19,0.28808227,5.098257,35.06525,24.975588,0.24207497,-0.07859022
2013-04-20,0.30208322,4.160348,35.049675,25.003822,0.2138535,-0.026193313
2013-04-21,0.2851886,5.150159,35.057972,24.988958,0.11575349,0.025042634
2013-04-22,0.3449617,2.2173283,35.058384,24.991474,0.09720316,-0.03345802
2013-04-23,0.4037319,6.084317,35.05437,24.916325,0.19820824,-0.07452491
2013-04-24,0.3925798,3.857099,35.002842,24.999708,0.08317333,0.022590801
2013-04-25,0.40565252,4.8744082,35.025288,24.930841,-0.020364614,0.025413675
2013-04-26,0.41967234,7.2613173,35.047157,24.817455,-0.10803948,0.0645004
2013-04-27,0.44752064,8.08706,35.049973,24.707235,-0.1810733,0.07208177
2013-04-28,0.4430472,8.424098,35.053978,24.580713,-0.19561926,0.08591517
2013-04-29,0.41741088,8.518157,35.052975,24.474226,-0.17886516,0.036965575
2013-04-30,0.3837852,8.028866,35.05854,24.368624,-0.105273984,0.022059167
2013-05-01,0.30005667,5.8307714,35.06722,24.323015,0.008881813,0.013536753
2013-05-02,0.27463302,5.015544,35.072857,24.436947,0.096558005,0.031986352
2013-05-03,0.34717926,9.880411,35.073864,24.452404,-0.039468654,0.099422134
2013-05-04,0.29951555,4.690733,35.08337,24.434254,-0.0074490616,0.024541408
2013-05-05,0.34176293,3.7498903,35.087948,24.530851,0.050195724,-0.028449329
2013-05-06,0.34141168,9.316742,35.087227,24.510664,-0.038276546,-0.04055175
2013-05-07,0.35414344,9.248557,35.100357,24.533125,-0.049864277,-0.025020573
2013-05-08,0.36758876,10.319982,35.096573,24.559603,-0.088649906,-0.0052304785
2013-05-09,0.38352838,9.8244095,35.10339,24.55649,-0.065099485,-0.016076759
2013-05-10,0.36372837,10.282326,35.106804,24.565132,-0.060518056,0.0046312422
2013-05-11,0.372995,10.228771,35.11692,24.53413,-0.0785414,0.015758097
2013-05-12,0.3372375,8.414159,35.12,24.573652,0.0040194066,-0.011449535
2013-05-13,0.3123779,5.1563406,35.117165,24.625519,0.0353967,-0.056902573
2013-05-14,0.28063452,4.408544,35.119255,24.66117,0.057329748,-0.028436907
2013-05-15,0.2699173,5.7981796,35.13351,24.614595,0.07459,0.015535298
2013-05-16,0.2667024,4.777017,35.12439,24.533848,0.059252877,0.03440835
2013-05-17,0.25702548,6.409712,35.130833,24.454538,0.05899077,0.043570507
2013-05-18,0.25250423,4.659702,35.138535,24.344784,-0.0032216157,0.045764793
2013-05-19,0.24902895,7.2620153,35.148746,24.20396,0.0016425971,0.07251259
2013-05-20,0.2879217,5.6269164,35.159405,24.110498,0.06621398,0.03628999
2013-05-21,0.30238825,5.38382,35.169662,24.073341,0.06664205,0.048615646
2013-05-22,0.3541742,1.9295074,35.172314,24.056068,-0.0011247101,0.033103883
2013-05-23,0.38965893,7.618729,35.113155,23.902357,0.012592452,0.06916383
2013-05-24,0.4366385,7.875131,35.17058,23.780653,-0.016643383,0.059864152
2013-05-25,0.46483493,10.579211,35.18794,23.61914,-0.1042577,0.16112158
2013-05-26,0.5991585,11.368092,35.218456,23.53036,-0.34598726,0.2196268
2013-05-27,0.43895933,10.183084,35.221542,23.557127,-0.19859955,0.08383764
2013-05-28,0.45939383,10.581682,35.219307,23.564608,-0.19100462,0.0006669344
2013-05-29,0.4877585,12.41406,35.213295,23.606922,-0.2212604,-0.04770586
2013-05-30,0.3740011,9.810147,35.218403,23.632317,-0.11203991,-0.03808548
2013-05-31,0.36595201,9.845625,35.226223,23.577642,-0.14810337,0.018446108
2013-06-01,0.29648885,7.9236436,35.230526,23.51642,-0.064845435,-0.045924805
2013-06-02,0.29160774,4.2588043,35.23019,23.492657,0.12290214,-0.05296716
2013-06-03,0.318759,10.0789385,35.240112,23.385046,-0.023084082,0.19294809
2013-06-04,0.39292768,7.812384,35.253063,23.388218,-0.27165872,0.08532112
2013-06-05,0.34391975,8.287231,35.25731,23.424973,-0.052005906,-0.0037769123
2013-06-06,0.31257784,7.1858425,35.265636,23.310646,0.028091518,0.0076689264
2013-06-07,0.34908456,6.125861,35.26978,23.26092,-0.07583073,-0.0062311715
2013-06-08,0.38345018,8.527833,35.272354,23.24405,-0.1070419,-0.011293135
2013-06-09,0.40376043,9.24776,35.278614,23.199797,-0.104808286,-0.015644057
2013-06-10,0.35907826,7.003321,35.28241,23.1598,-0.023055308,-0.03238387
2013-06-11,0.34133193,6.3896956,35.282127,23.156015,-0.023623249,-0.0049280245
2013-06-12,0.34071392,6.1339784,35.2803,23.14379,-0.0536793,-0.06756898
2013-06-13,0.2940924,3.85736,35.272453,23.17062,0.086983755,-0.065730594
2013-06-14,0.28338245,4.878743,35.266605,23.21935,0.09752791,0.025049405
2013-06-15,0.271235,9.283947,35.28008,23.103643,0.049741134,0.10661485
2013-06-16,0.255807,5.698733,35.292473,22.989723,0.009328055,0.03959572
2013-06-17,0.26233405,5.1520724,35.29805,22.960772,0.09493765,0.010762235
2013-06-18,0.2977718,6.320053,35.305916,22.909552,0.08129009,0.06691054
2013-06-19,0.31451625,8.377334,35.32497,22.728006,-0.0064773667,0.11850068
2013-06-20,0.36767298,7.492841,35.333344,22.641495,-0.10220959,0.08842235
2013-06-21,0.41732818,8.149486,35.304485,22.674498,-0.060711168,0.055120103
2013-06-22,0.4388912,7.5934124,35.313137,22.622833,-0.043807976,0.0415965
2013-06-23,0.49036515,8.75298,35.317284,22.593428,-0.11916266,0.074472435
2013-06-24,0.4749804,6.873903,35.318443,22.59338,-0.099622875,0.040996145
2013-06-25,0.4622195,7.5124183,35.326954,22.555521,-0.057170767,0.00757209
2013-06-26,0.43660304,7.1297297,35.33608,22.46216,0.0019277197,0.015821766
2013-06-27,0.40034032,3.6883857,35.339302,22.444944,-0.020599391,-0.017784659
2013-06-28,0.365592,5.6237116,35.340797,22.446228,-0.027096651,0.014054745
2013-06-29,0.31501648,9.188327,35.344296,22.405573,0.0007143429,0.08460271
2013-06-30,0.29195178,11.304843,35.352818,22.30073,0.023344392,0.16769308
2013-07-01,0.30482298,11.160106,35.37014,22.099333,0.058479335,0.18538295
2013-07-02,0.32644716,10.856885,35.38967,21.87873,-0.00572607,0.2183968
2013-07-03,0.4123488,10.899048,35.367336,22.117928,-0.27742276,0.1397879
2013-07-04,0.36291578,7.7366204,35.352165,22.24398,-0.1471626,0.009415104
2013-07-05,0.33789128,2.9825118,35.25697,22.266773,-0.00086853316,-0.06260734
2013-07-06,0.3534202,3.5092583,35.346012,22.277327,0.05626461,-0.012789656
2013-07-07,0.3551456,5.2827272,35.349003,22.260843,0.0065389853,-0.01808031
2013-07-08,0.36772856,8.722153,35.349915,22.22164,-0.063094154,0.031635072
2013-07-09,0.4666897,9.867734,35.356293,22.122587,-0.22157367,0.051970385
2013-07-10,0.44940826,10.298798,35.360577,22.059626,-0.23683155,0.018141683
2013-07-11,0.40805623,10.973189,35.364017,22.027061,-0.18474904,0.04270484
2013-07-12,0.3593261,9.047907,35.367374,21.991539,-0.11642918,0.053887807
2013-07-13,0.36568242,8.207116,35.36838,21.958563,-0.1528725,0.05453559
2013-07-14,0.30474323,8.537753,35.369076,21.906754,-0.14342988,0.00029602493
2013-07-15,0.2500269,7.4217973,35.37254,21.893063,0.053981353,-0.04137691
2013-07-16,0.2658519,7.2944417,35.37452,21.925259,0.09421609,-0.027228687
2013-07-17,0.2651522,8.358065,35.362385,21.903715,-0.036821704,-0.028454438
2013-07-18,0.2919126,8.202348,35.363,21.9324,-0.062848054,-0.04462369
2013-07-19,0.37109146,5.6198,35.35387,21.978964,0.039031167,-0.11579764
2013-07-20,0.3994592,3.4163597,35.352753,21.977367,0.11870394,-0.06609363
2013-07-21,0.43028456,4.755687,35.35787,21.920265,0.06510486,-0.0077540223
2013-07-22,0.47883362,3.071402,35.361336,21.865114,-0.020245118,0.0009172718
2013-07-23,0.4826362,8.742544,35.363148,21.78439,-0.018981067,0.07279925
2013-07-24,0.52405286,10.236603,35.373234,21.606825,-0.10750802,0.11154498
2013-07-25,0.48919684,10.352291,35.37753,21.507528,-0.13177653,0.14146651
2013-07-26,0.46345928,9.146298,35.372955,21.468458,-0.165923,0.11313514
2013-07-27,0.37036163,8.785603,35.369957,21.448957,-0.10085671,0.067405954
2013-07-28,0.34010655,10.265543,35.37115,21.468891,-0.17224136,0.06536164
2013-07-29,0.23247296,9.415472,35.368996,21.575409,-0.105781145,-0.0028505002
2013-07-30,0.24691853,8.62051,35.372482,21.765066,0.01315273,-0.03674159
2013-07-31,0.2637657,8.588078,35.37929,21.67931,0.08313214,0.06328588
2013-08-01,0.30485842,8.306,35.384228,21.622152,-0.033410527,0.057361536
2013-08-02,0.30179062,4.3238096,35.38496,21.668041,0.022722734,-0.017106062
2013-08-03,0.31409872,3.6129546,35.385914,21.673094,0.05117536,-0.018207127
2013-08-04,0.33716306,3.7271848,35.38982,21.680552,0.037926458,-0.023718987
2013-08-05,0.35573354,3.4078603,35.393097,21.7138,0.06864396,-0.041046157
2013-08-06,0.36997777,3.1318855,35.396152,21.761196,0.090366125,-0.059198797
2013-08-07,0.38344377,6.005437,35.40119,21.779892,0.12997578,-0.09633111
2013-08-08,0.39597493,7.8780465,35.405807,21.77648,0.17012411,-0.08749142
2013-08-09,0.40003425,8.674948,35.415802,21.663725,0.058360808,0.086930245
2013-08-10,0.35102373,2.568399,35.416515,21.714113,-0.0044066976,-0.026847616
2013-08-11,0.3153628,2.4291344,35.413364,21.81825,0.054702718,-0.065219715
2013-08-12,0.32242572,5.549918,35.412567,21.863762,0.16744202,-0.083942324
2013-08-13,0.35788935,7.6005363,35.41156,21.889746,0.26457098,-0.12526257
2013-08-14,0.3046127,5.942289,35.413464,21.878462,0.20498446,-0.088664144
2013-08-15,0.32881373,5.122104,35.41481,21.863314,0.2352084,-0.11875415
2013-08-16,0.34309986,5.283795,35.414177,22.013008,0.08631479,-0.1455676
2013-08-17,0.41913924,4.616535,35.417046,22.411325,0.08393543,-0.2664238
2013-08-18,0.43938884,3.2893941,35.420017,22.779655,0.10960467,-0.2379859
2013-08-19,0.4373171,5.235068,35.421364,22.866205,0.12448265,-0.18727292
2013-08-20,0.41546482,8.03967,35.423985,22.849487,0.06996265,-0.057524025
2013-08-21,0.44850922,6.256033,35.432858,22.780115,-0.06058623,-0.0061118123
2013-08-22,0.41568658,4.5718,35.43487,22.868418,-0.010093498,-0.04665267
2013-08-23,0.3795123,4.7120824,35.436817,22.882927,0.012217985,-0.040418867
2013-08-24,0.33776686,5.425595,35.440342,22.837784,0.0038199848,-0.013017305
2013-08-25,0.31229052,5.7607965,35.44166,22.83686,-0.09315772,0.00393366
2013-08-26,0.22699857,4.675299,35.438225,23.008678,-0.03085711,-0.061336737
2013-08-27,0.18153548,3.2103221,35.4393,23.16207,0.0013704452,-0.05188549
2013-08-28,0.17478861,2.1468453,35.44149,23.192286,0.017630743,-0.04150393
2013-08-29,0.16944243,3.976307,35.445137,23.180792,-0.03700849,0.001119057
2013-08-30,0.20313491,4.1047306,35.448795,23.153822,0.0020548673,-0.034680657
2013-08-31,0.23601136,3.4154625,35.452614,23.118116,0.01193961,-0.03007337
2013-09-01,0.2674304,4.0086403,35.455814,23.061483,-0.01569185,-0.0043248893
2013-09-02,0.3599572,10.56919,35.46236,22.97055,-0.20414154,0.13624786
2013-09-03,0.45096722,11.919212,35.467915,22.894058,-0.29778856,0.098394245
2013-09-04,0.41356808,11.90744,35.47274,22.723572,-0.22554229,0.07511011
2013-09-05,0.40665388,10.21828,35.47746,22.531006,-0.15209845,0.044188652
2013-09-06,0.39550865,7.3662624,35.480827,22.37297,-0.11021197,0.027627802
2013-09-07,0.37996426,5.337725,35.48219,22.286726,-0.041545834,-0.005215412
2013-09-08,0.36897427,3.9737275,35.483932,22.27144,0.018418638,-0.008807046
2013-09-09,0.34342977,4.6003623,35.48605,22.297598,0.023270674,-0.0073049706
2013-09-10,0.30128747,4.154187,35.483093,22.323912,0.049708273,-0.027077543
2013-09-11,0.27329302,5.6224327,35.4864,22.382286,0.10561554,-0.013084629
2013-09-12,0.29831675,7.7145357,35.488125,22.433533,0.14111654,-0.08072408
2013-09-13,0.28160533,4.399624,35.48909,22.485569,0.09255715,0.007517386
2013-09-14,0.31350693,4.811449,35.48811,22.480553,0.0036314388,-0.05616767
2013-09-15,0.31352136,5.508198,35.486565,22.435106,0.10247373,-0.040377952
2013-09-16,0.36301795,4.98203,35.487858,22.418877,-0.053312723,-0.008516308
2013-09-17,0.3982189,9.639867,35.488056,22.327679,0.02343258,-0.0994256
2013-09-18,0.42283976,7.8617806,35.488354,22.318602,0.08197941,-0.06514646
2013-09-19,0.43395737,7.551928,35.495552,22.411907,0.055646226,-0.026811585
2013-09-20,0.43065393,5.527219,35.50602,22.500847,0.07570821,-0.021902196
2013-09-21,0.42648754,4.3767285,35.514957,22.596638,-0.046080723,0.061281804
2013-09-22,0.36930153,3.7782507,35.514248,22.550402,-0.04211413,0.03105993
2013-09-23,0.3365141,2.1033854,35.515583,22.579508,0.011024463,0.035632163
2013-09-24,0.31577548,6.3384366,35.522137,22.618765,0.08270928,-0.03809865
2013-09-25,0.2858573,9.118094,35.53584,22.690878,0.16520299,-0.090193436
2013-09-26,0.2767271,8.359537,35.549267,22.759281,0.14522107,-0.07782705
2013-09-27,0.22775649,5.578487,35.564835,22.820728,0.13265732,0.013018295
2013-09-28,0.22267199,3.2076194,35.565304,22.858944,-0.04641614,0.01028388
2013-09-29,0.23836029,2.7829738,35.560333,22.81245,0.06712943,-0.04311643
2013-09-30,0.264787,4.507076,35.58251,22.92314,0.09456198,-0.004074326
2013-10-01,0.33223394,5.976434,35.604725,22.989225,0.12385121,-0.08077914
2013-10-02,0.36169094,4.505952,35.605824,23.033323,0.11298584,-0.06586401
2013-10-03,0.40684852,7.0980134,35.600952,23.01068,0.15714687,-0.1043422
2013-10-04,0.4092421,9.660828,35.596004,22.925108,0.018784286,0.05511969
2013-10-05,0.4228362,3.9851854,35.591694,22.909828,0.0092606945,0.008739756
2013-10-06,0.40399045,4.62809,35.589737,22.967339,0.028198767,-0.0023191348
2013-10-07,0.39429346,8.135422,35.588665,23.02106,0.08880108,-0.05881185
2013-10-08,0.3707428,6.7925854,35.582294,23.07843,0.053309385,0.009712162
2013-10-09,0.37712184,8.084823,35.587166,23.08435,-0.07194455,0.05691551
2013-10-10,0.3039035,4.54382,35.584633,23.072283,0.024603711,-0.011412562
2013-10-11,0.30609065,8.205196,35.583614,23.090122,0.15390383,-0.1034709
2013-10-12,0.2967741,5.967105,35.588097,23.166115,0.14797527,-0.03888028
2013-10-13,0.2933052,6.987305,35.59105,23.151585,0.08626743,-0.101852044
2013-10-14,0.37109435,5.8737545,35.590836,23.150997,0.2013314,-0.05637592
2013-10-15,0.3513523,6.5833063,35.616806,23.19417,-0.026069554,0.056366395
2013-10-16,0.39205042,6.4890995,35.630405,23.160772,-0.10215005,0.025559383
2013-10-17,0.40081677,5.3620625,35.634186,23.107592,-0.098173015,0.028184569
2013-10-18,0.4024147,4.4212017,35.628353,23.066914,-0.026634865,0.013471273
2013-10-19,0.4198991,8.535936,35.626545,23.07156,-0.07632533,0.073819414
2013-10-20,0.4216788,7.490868,35.62674,23.032835,-0.076404795,0.06424779
2013-10-21,0.40782282,6.6788373,35.633663,23.071207,-0.072850265,0.062404234
2013-10-22,0.35956633,4.8784876,35.63517,23.099493,-0.027463619,0.02047781
2013-10-23,0.31060234,4.136199,35.64499,23.249384,0.0710811,-0.036166552
2013-10-24,0.27686188,4.411689,35.662247,23.524666,0.13327019,-0.031149322
2013-10-25,0.297025,6.322098,35.66949,23.690248,0.053285133,0.07660102
2013-10-26,0.2480476,5.457437,35.67917,23.768267,-0.052172516,0.039911456
2013-10-27,0.23068745,3.7989383,35.65784,23.658855,0.030243473,-0.052110516
2013-10-28,0.2180632,5.402141,35.649876,23.592104,0.0050072786,-0.03393263
2013-10-29,0.23716056,6.178543,35.65914,23.653763,0.040427707,-0.00888543
2013-10-30,0.27186832,5.254602,35.68492,23.845533,-0.005500658,0.023493687
2013-10-31,0.33051038,7.914906,35.6639,23.755152,-0.12400833,0.018947896
2013-11-01,0.38280547,9.092542,35.648205,23.56185,-0.111259215,0.06358437
2013-11-02,0.42470533,6.2897353,35.63907,23.504007,-0.15545228,0.06163238
2013-11-03,0.42139024,3.6103323,35.612976,23.524193,-0.121355325,0.00399081
2013-11-04,0.4013232,5.837788,35.59464,23.505024,0.014151858,-0.04048456
2013-11-05,0.49321425,11.563522,35.5978,23.46445,-0.21919337,0.06899908
2013-11-06,0.4807199,8.567243,35.58753,23.373442,-0.18265541,0.051415794
2013-11-07,0.4422388,5.130882,35.57531,23.464436,-0.22053927,0.054189272
2013-11-08,0.33026445,3.3157003,35.570606,23.561167,-0.027107328,-0.04274999
2013-11-09,0.2952613,3.8234208,35.570488,23.566883,0.051215075,-0.051286172
2013-11-10,0.29336604,4.794703,35.56926,23.544268,0.09154463,-0.07137445
2013-11-11,0.29351085,5.4349723,35.571594,23.575302,0.0854716,-0.051976066
2013-11-12,0.30368242,4.520409,35.578674,23.67027,0.04659339,-0.00420943
2013-11-13,0.31921566,5.0228977,35.58358,23.750877,-0.058232646,-0.008174111
2013-11-14,0.34418297,3.981846,35.58734,23.74661,-0.03146779,0.0054691867
2013-11-15,0.37925836,3.292123,35.59374,23.83397,0.008386155,0.045348484
2013-11-16,0.41596946,4.6823497,35.609257,23.99471,0.062097073,-0.024513336
2013-11-17,0.4348405,5.137451,35.638844,24.174034,0.15189213,-0.05978395
2013-11-18,0.3983295,3.7290094,35.63128,24.330435,0.008030044,0.027819064
2013-11-19,0.40749663,4.395659,35.66735,24.389381,0.05519371,-0.017519025
2013-11-20,0.4332757,5.8904853,35.68995,24.675293,-0.10243287,0.086405106
2013-11-21,0.44186568,5.3579254,35.693,24.535107,-0.06753084,-0.01807501
2013-11-22,0.35491058,4.2250733,35.69946,24.53679,0.02064142,-0.029371396
2013-11-23,0.34832373,6.6165805,35.70746,24.512817,0.14725973,-0.11733772
2013-11-24,0.41512948,7.8710957,35.732426,24.556562,0.3438406,-0.14213447
2013-11-25,0.32894742,4.2912455,35.816822,24.994396,0.2601538,0.05664889
2013-11-26,0.24038853,9.717898,35.83411,25.057735,-0.10037887,0.04935618
2013-11-27,0.29607293,8.342117,35.76401,24.617498,-0.019600835,-0.1106233
2013-11-28,0.33709332,4.193027,35.71706,24.572157,0.14003661,-0.12643693
2013-11-29,0.40218532,6.7945056,35.720577,24.513975,0.20763193,-0.13493238
2013-11-30,0.38727275,6.9537144,35.729317,24.52998,0.12628238,-0.032095905
2013-12-01,0.43764776,11.797214,35.725346,24.5259,-0.1176353,0.07195358
2013-12-02,0.46302012,9.1268215,35.644234,24.604874,-0.021260839,-0.06648347
2013-12-03,0.47214264,6.8189325,35.621162,24.694733,0.020520946,-0.05305784
2013-12-04,0.49496412,3.1639123,35.619404,24.77867,0.016650965,-0.08071033
2013-12-05,0.46349415,8.584238,35.616505,24.786322,0.108297065,-0.13730666
2013-12-06,0.4014157,9.104778,35.626846,24.771141,0.05752455,-0.005369849
2013-12-07,0.41466045,8.522086,35.62868,24.759,-0.01681014,-0.03224429
2013-12-08,0.3351663,7.3699636,35.605732,24.735207,0.04899947,-0.06602823
2013-12-09,0.30449995,4.728091,35.58865,24.779732,0.100001805,-0.067848094
2013-12-10,0.30146873,4.465372,35.57807,24.837093,0.13865574,-0.088583276
2013-12-11,0.3101673,5.2216206,35.579605,24.866875,0.15943725,-0.08759744
2013-12-12,0.2926192,3.9165761,35.59321,24.907787,0.11186543,-0.02616786
2013-12-13,0.2952329,5.195099,35.60262,24.922543,0.01883031,0.012431459
2013-12-14,0.34089598,6.540609,35.592403,24.9251,-0.061815824,0.026492568
2013-12-15,0.3802307,6.2379293,35.557674,24.880991,-0.10240222,-0.0123106
2013-12-16,0.43739766,7.531451,35.51374,24.878008,-0.19451787,0.0063458877
2013-12-17,0.45960432,8.623736,35.491505,24.97857,-0.24248378,0.055980876
2013-12-18,0.46107805,10.073397,35.474026,25.139069,-0.26282576,0.06958284
2013-12-19,0.39875183,10.028187,35.441677,25.352234,-0.20310389,0.0136848455
2013-12-20,0.34652817,8.085359,35.4394,25.398144,-0.076235235,-0.035188474
2013-12-21,0.3046471,5.4343824,35.44645,25.37505,0.009753406,-0.05684261
2013-12-22,0.30758137,5.8105702,35.457047,25.303589,0.07274661,-0.045677662
2013-12-23,0.28095505,4.928916,35.467594,25.239305,0.08668144,-0.061812807
2013-12-24,0.27459362,3.7224205,35.475662,25.215124,0.11767846,-0.061740723
2013-12-25,0.24719581,5.9439726,35.48506,25.210367,0.017811015,-0.03244472
2013-12-26,0.3122636,5.0436554,35.480305,25.28518,0.08278105,-0.14907603
2013-12-27,0.32368413,4.099777,35.486523,25.279936,0.14207579,-0.10686289
2013-12-28,0.31397912,3.6002545,35.484505,25.398457,0.09302942,-0.121630915
2013-12-29,0.381344,6.021391,35.484566,25.470165,0.13860378,-0.13715887
2013-12-30,0.4045264,4.195633,35.497093,25.502907,0.06941168,-0.06635728
2013-12-31,0.4827873,5.7312784,35.488235,25.599339,0.050555848,-0.11774591
