chlorophyll,current_speed,resident_detections,total_detections
0.82646406,0.28375682,,
0.74969864,0.3168502,,
0.73554415,0.3516059,,
0.6329025,0.38022178,,
0.7039036,0.40623656,,
0.6888677,0.41823184,,19.0
0.6924559,0.40868333,,27.0
0.37573597,0.40041375,,
0.27344504,0.38012496,,
0.21172342,0.35916913,,
0.23667797,0.35617074,,
0.3333094,0.30518287,,
0.3604034,0.29332805,,
0.41221815,0.2918349,,
0.61004925,0.28409106,,
0.8744439,0.22657947,,
1.0339603,0.2638189,,
1.1592078,0.26776204,,
0.7780547,0.3007872,,
0.8998443,0.32377088,,
0.91983503,0.32888222,,
0.9658007,0.3381328,,
1.0168236,0.33818358,,
1.0543351,0.31407648,,
0.8491403,0.30592763,,
0.7909037,0.30550957,,
0.67683816,0.30016977,,
0.7984259,0.29892197,,
0.75387955,0.27711737,,
0.9276361,0.2668628,,
1.1558814,0.2915622,,
1.0700178,0.32602337,,
1.0897267,0.34966862,,
1.0419588,0.37478483,,
0.8708414,0.39687213,,
0.94236875,0.38880402,,
0.8613962,0.38048005,,
0.6673681,0.38704407,,
0.8362096,0.36067885,,
1.0352693,0.32381463,,
0.9530905,0.26971903,,
0.84726256,0.23770203,,
0.7532049,0.22084269,,
0.5801327,0.23664147,,
0.6833816,0.23128302,,
0.7737583,0.25128627,,
0.9190885,0.27644897,,
0.9519689,0.2942509,,
0.994885,0.3081035,,
1.1401587,0.3467037,,
1.0715702,0.3640971,,
0.91703326,0.38272408,150.0,248.0
1.0662987,0.39995086,248.0,446.0
1.2084996,0.3955143,80.0,111.0
1.1185851,0.37129873,,
0.9235153,0.33965904,,
0.854983,0.3066399,,
0.9157082,0.29972333,,
0.9460254,0.33929914,,
1.0142305,0.2847307,,
0.9260334,0.34291807,,
0.9012841,0.35791832,,
0.8407465,0.3738572,,52.0
0.69452584,0.419479,,131.0
1.1012247,0.4100441,,67.0
0.73062825,0.41018173,,
0.8466103,0.43253642,,
1.005457,0.41293323,,
0.94458544,0.3838055,,
0.78699046,0.37079382,,
0.77964413,0.3412805,,
0.7649369,0.28566688,,
0.73709697,0.239369,,
0.78781563,0.21810591,,
0.7818466,0.2469208,,1.0
0.90353537,0.35795882,,
1.0860763,0.36065426,,
1.0242321,0.3725503,,
1.0038255,0.3778268,85.0,85.0
0.94504935,0.47977135,55.0,56.0
0.8019794,0.46472365,208.0,367.0
0.79637206,0.5093857,85.0,359.0
0.7524207,0.5034386,,110.0
1.0526812,0.4748928,,149.0
1.1078678,0.4628442,,56.0
1.0971708,0.43308836,,
1.322195,0.3659775,,
1.1910634,0.47545666,,
1.1379788,0.36182505,,
1.0694836,0.42519033,137.0,138.0
0.7747234,0.49314672,10.0,10.0
0.98584473,0.4620633,,
1.0234606,0.43280104,,
0.7992379,0.43379042,,
0.779155,0.45673418,,
0.8331345,0.4594712,,7.0
0.74615467,0.43258065,,14.0
0.8461679,0.42016625,,
0.90738934,0.41567641,,
0.9016551,0.4546788,,
0.7477397,0.37329078,,
0.6756768,0.3908398,,
0.6585181,0.38745108,,
0.60075396,0.3207971,47.0,48.0
0.5646925,0.30296126,,
0.6898967,0.33392295,,
0.8188564,0.3628482,,
1.0469509,0.43656594,,
1.0593536,0.4601373,,
1.1559577,0.5534445,,
1.2340448,0.6193873,,
1.0907649,0.5681057,94.0,94.0
1.0241947,0.5088471,,
1.0246896,0.44944742,,
1.0791612,0.37910816,,
1.0708625,0.30512524,,
1.0416341,0.26144427,,
1.1709764,0.24758047,,
1.0284647,0.3275093,,
1.0068338,0.39264768,,
0.9928596,0.43566656,158.0,159.0
0.98951626,0.4199249,208.0,209.0
1.0093089,0.42055154,165.0,165.0
0.86422193,0.3879481,,
0.7962378,0.3787806,,
1.0039303,0.3749492,,
1.140344,0.35200712,,3.0
1.1068562,0.3400703,,12.0
1.1688957,0.283544,,
1.0762872,0.27002794,,
1.0508001,0.28614148,,
0.9607178,0.25971395,,
0.8225925,0.1908345,,20.0
0.7924031,0.2422695,,45.0
0.82050365,0.32165295,,
1.0911605,0.34135002,,179.0
1.3817782,0.38621467,,
1.4752703,0.4333527,,
1.409692,0.4668836,,
1.4163322,0.45657218,,
1.4131773,0.45447016,,
1.4528359,0.4423461,,
1.6487578,0.46644193,118.0,119.0
1.5583091,0.38092816,51.0,51.0
1.1497223,0.38361114,68.0,276.0
0.97712994,0.33091733,8.0,58.0
1.1700573,0.29219383,,
1.400192,0.30684674,71.0,71.0
1.3119427,0.33424896,129.0,130.0
1.2448726,0.34475154,,19.0
1.2660658,0.3755977,,56.0
1.3072039,0.42034146,,
1.3733411,0.40531313,,
1.3825119,0.39583468,,
1.3661422,0.42656112,,
1.408421,0.42905876,21.0,21.0
1.3514125,0.37047946,127.0,127.0
1.2871449,0.27216133,147.0,148.0
1.2791706,0.23073795,333.0,334.0
1.1367462,0.21481508,104.0,104.0
1.1200154,0.2158533,72.0,132.0
1.0926452,0.21010561,148.0,267.0
1.1150188,0.2893975,315.0,397.0
1.1134315,0.32923067,161.0,161.0
1.1506113,0.3653972,199.0,199.0
1.1577623,0.4438546,116.0,116.0
1.2149799,0.44262898,23.0,23.0
1.2009896,0.44088334,72.0,73.0
1.1172538,0.4593501,131.0,293.0
1.054507,0.46227068,121.0,239.0
1.0849862,0.4633396,55.0,493.0
1.0849862,0.4633396,143.0,493.0
1.1088414,0.47198802,85.0,334.0
1.1317126,0.4223538,108.0,281.0
0.96890116,0.37142515,251.0,363.0
1.0930977,0.33104515,191.0,429.0
1.3485386,0.35696223,95.0,454.0
1.5362444,0.34180987,,47.0
1.6064978,0.35537696,,273.0
1.4943233,0.3212935,22.0,306.0
1.4137093,0.32906428,139.0,521.0
1.2151719,0.3327958,42.0,375.0
1.1360795,0.33950865,,75.0
1.1781623,0.33900213,,41.0
1.2198538,0.3368299,,99.0
1.2289596,0.34478715,,125.0
1.2903935,0.34578973,95.0,369.0
1.4069469,0.37138027,83.0,401.0
1.3207406,0.3480453,128.0,283.0
1.129842,0.32001302,54.0,395.0
1.129842,0.32001302,43.0,395.0
0.97057617,0.29713607,46.0,593.0
0.97057617,0.29713607,140.0,593.0
0.92292476,0.26591492,832.0,1095.0
0.7869087,0.2863245,216.0,1433.0
0.7869087,0.2863245,800.0,1433.0
0.8568011,0.31121346,18.0,1028.0
0.8568011,0.31121346,826.0,1028.0
1.0250407,0.35699672,109.0,955.0
1.0250407,0.35699672,806.0,955.0
1.1470388,0.37733048,841.0,897.0
1.1720157,0.39829743,15.0,870.0
1.1720157,0.39829743,827.0,870.0
1.4584868,0.4169936,123.0,1121.0
1.4584868,0.4169936,831.0,1121.0
1.4567657,0.42031705,178.0,1168.0
1.4567657,0.42031705,823.0,1168.0
1.4428787,0.41738155,68.0,1082.0
1.4428787,0.41738155,821.0,1082.0
1.6559124,0.3888833,57.0,903.0
1.6559124,0.3888833,824.0,903.0
1.5544789,0.36257175,842.0,842.0
1.2057915,0.34212524,827.0,827.0
0.9458629,0.29897666,115.0,1047.0
0.9458629,0.29897666,836.0,1047.0
0.8855263,0.2654506,128.0,1121.0
0.8855263,0.2654506,821.0,1121.0
0.8190247,0.25830156,112.0,1033.0
0.8190247,0.25830156,794.0,1033.0
0.8187946,0.24917676,157.0,1083.0
0.8187946,0.24917676,791.0,1083.0
0.9664798,0.25492054,44.0,1072.0
0.9664798,0.25492054,680.0,1072.0
0.8601946,0.27391332,87.0,1246.0
0.8601946,0.27391332,745.0,1246.0
0.84700453,0.2956704,121.0,1157.0
0.84700453,0.2956704,795.0,1157.0
0.8429074,0.33438262,101.0,1093.0
0.8429074,0.33438262,768.0,1093.0
0.9572729,0.31081164,58.0,694.0
0.9572729,0.31081164,489.0,694.0
1.1518974,0.31690946,656.0,738.0
1.3221213,0.317519,674.0,790.0
1.4861352,0.31929153,697.0,798.0
1.6951547,0.31432936,756.0,1092.0
1.822472,0.3437814,676.0,760.0
2.0057673,0.3887171,786.0,835.0
1.7300837,0.34607363,799.0,851.0
1.4976044,0.31064034,821.0,1045.0
1.2890222,0.30151457,827.0,974.0
1.0752754,0.28196982,824.0,837.0
1.1562449,0.27360588,787.0,852.0
1.1025677,0.31418037,45.0,869.0
1.1025677,0.31418037,773.0,869.0
0.9292403,0.34692043,819.0,820.0
1.1969628,0.3705467,791.0,896.0
1.3415046,0.38049525,837.0,918.0
1.1400313,0.42476612,80.0,887.0
1.1400313,0.42476612,807.0,887.0
1.232007,0.4216242,155.0,1057.0
1.232007,0.4216242,761.0,1057.0
1.6149119,0.44306713,96.0,1032.0
1.6149119,0.44306713,814.0,1032.0
1.8331821,0.42739004,160.0,1085.0
1.8331821,0.42739004,818.0,1085.0
1.7241855,0.39964363,52.0,963.0
1.7241855,0.39964363,834.0,963.0
1.8102989,0.35183266,60.0,1067.0
1.8102989,0.35183266,840.0,1067.0
1.8712132,0.29796803,42.0,965.0
1.8712132,0.29796803,822.0,965.0
2.0623693,0.25563216,61.0,962.0
2.0623693,0.25563216,813.0,962.0
1.9482551,0.24651536,241.0,1097.0
1.9482551,0.24651536,836.0,1097.0
1.4859737,0.24168484,87.0,939.0
1.4859737,0.24168484,801.0,939.0
1.3655572,0.24839611,191.0,1079.0
1.3655572,0.24839611,754.0,1079.0
1.4825785,0.24941224,185.0,1068.0
1.4825785,0.24941224,764.0,1068.0
1.4978061,0.26730835,212.0,1026.0
1.4978061,0.26730835,728.0,1026.0
1.4068785,0.28148806,75.0,843.0
1.4068785,0.28148806,726.0,843.0
1.3084567,0.30443358,682.0,774.0
1.469389,0.31141645,694.0,703.0
1.5392925,0.32758158,726.0,726.0
1.5933971,0.3419205,690.0,690.0
1.731354,0.36755767,643.0,676.0
1.8706319,0.35141426,558.0,698.0
2.0462804,0.33127758,709.0,828.0
2.113291,0.32589749,688.0,695.0
1.8342786,0.30556303,512.0,572.0
1.4241529,0.29379475,557.0,723.0
1.1443369,0.2898872,127.0,986.0
1.1443369,0.2898872,738.0,986.0
1.1082685,0.30911392,95.0,984.0
1.1082685,0.30911392,790.0,984.0
1.0111012,0.32514012,24.0,797.0
1.0111012,0.32514012,738.0,797.0
0.9424739,0.37225544,24.0,746.0
0.9424739,0.37225544,722.0,746.0
1.1658306,0.37193376,147.0,159.0
1.394659,0.39580917,676.0,676.0
1.3687468,0.4079799,750.0,784.0
1.1464317,0.3936221,32.0,727.0
1.1464317,0.3936221,694.0,727.0
1.155655,0.38261735,53.0,703.0
1.155655,0.38261735,649.0,703.0
1.2782481,0.3517835,101.0,716.0
1.2782481,0.3517835,614.0,716.0
1.2522012,0.34334993,492.0,492.0
1.2419419,0.28781995,51.0,494.0
1.2419419,0.28781995,442.0,494.0
1.0645574,0.2803883,134.0,589.0
1.0645574,0.2803883,455.0,589.0
0.7690825,0.23195313,91.0,603.0
0.7690825,0.23195313,511.0,603.0
0.8486514,0.22357276,64.0,669.0
0.8486514,0.22357276,586.0,669.0
0.8309983,0.21154317,121.0,671.0
0.8309983,0.21154317,550.0,671.0
0.8014107,0.21312758,103.0,717.0
0.8014107,0.21312758,614.0,717.0
0.7975832,0.26169604,561.0,561.0
0.86132574,0.2751565,456.0,456.0
1.0441451,0.3598384,14.0,527.0
1.0441451,0.3598384,513.0,527.0
1.2969222,0.39809397,198.0,724.0
1.2969222,0.39809397,526.0,724.0
1.488395,0.46733102,51.0,737.0
1.488395,0.46733102,685.0,737.0
1.3781021,0.4291094,61.0,716.0
1.3781021,0.4291094,655.0,716.0
1.1854446,0.4109915,28.0,689.0
1.1854446,0.4109915,661.0,689.0
1.1979808,0.4005995,41.0,776.0
1.1979808,0.4005995,735.0,776.0
1.1921377,0.3667846,747.0,798.0
1.2677851,0.3506964,674.0,674.0
1.3114768,0.32214528,21.0,644.0
1.3114768,0.32214528,622.0,644.0
1.3006698,0.29999357,26.0,724.0
1.3006698,0.29999357,698.0,724.0
1.1647666,0.29203814,722.0,722.0
1.1380033,0.30033547,544.0,544.0
1.037807,0.30839497,694.0,694.0
1.061199,0.3224935,683.0,683.0
1.0373441,0.3638546,704.0,704.0
1.2174814,0.3802274,728.0,728.0
1.3450977,0.38700178,29.0,532.0
1.3450977,0.38700178,502.0,532.0
1.3740184,0.41887286,2.0,690.0
1.3740184,0.41887286,688.0,690.0
1.3832657,0.41760838,710.0,710.0
1.1176951,0.35907578,7.0,675.0
1.1176951,0.35907578,668.0,675.0
1.0100378,0.34005496,774.0,774.0
0.47416046,0.28774077,612.0,612.0
0.45487306,0.24777591,627.0,627.0
0.6461203,0.21626163,584.0,584.0
0.8091116,0.19494438,497.0,497.0
0.873174,0.19414932,580.0,580.0
0.9555588,0.22007218,441.0,543.0
0.9241848,0.2557779,66.0,494.0
0.9241848,0.2557779,397.0,494.0
0.92070234,0.29871064,205.0,1019.0
0.92070234,0.29871064,567.0,1019.0
0.94337213,0.31552935,124.0,707.0
0.94337213,0.31552935,582.0,707.0
0.9378114,0.3404772,107.0,655.0
0.9378114,0.3404772,548.0,655.0
0.9813962,0.36744696,91.0,724.0
0.9813962,0.36744696,628.0,724.0
1.0710981,0.40036607,436.0,676.0
1.0566592,0.4209796,85.0,727.0
1.0566592,0.4209796,469.0,727.0
0.9228753,0.4170568,640.0,667.0
0.4236517,0.40566498,23.0,646.0
0.4236517,0.40566498,618.0,646.0
0.36032152,0.37727982,7.0,554.0
0.36032152,0.37727982,541.0,554.0
0.55448616,0.33418947,51.0,560.0
0.55448616,0.33418947,499.0,560.0
0.6249965,0.2865547,11.0,746.0
0.6249965,0.2865547,553.0,746.0
0.72413945,0.26492032,42.0,790.0
0.72413945,0.26492032,588.0,790.0
0.8114219,0.279634,126.0,770.0
0.8114219,0.279634,644.0,770.0
0.7642833,0.3085357,106.0,779.0
0.7642833,0.3085357,666.0,779.0
0.80948496,0.3055479,92.0,791.0
0.80948496,0.3055479,681.0,791.0
0.8497219,0.3313922,119.0,773.0
0.8497219,0.3313922,651.0,773.0
0.89904755,0.3579327,50.0,720.0
0.89904755,0.3579327,649.0,720.0
0.9766365,0.37317798,17.0,719.0
0.9766365,0.37317798,654.0,719.0
0.9671477,0.38029334,635.0,716.0
0.8860111,0.37953973,31.0,607.0
0.8860111,0.37953973,576.0,607.0
0.83638364,0.3448931,14.0,555.0
0.83638364,0.3448931,541.0,555.0
0.62829053,0.3189705,90.0,724.0
0.62829053,0.3189705,625.0,724.0
0.6295892,0.28333434,26.0,649.0
0.6295892,0.28333434,588.0,649.0
0.6566256,0.28723672,52.0,678.0
0.6566256,0.28723672,622.0,678.0
0.7401035,0.24607037,98.0,727.0
0.7401035,0.24607037,571.0,727.0
0.7098299,0.20144576,182.0,805.0
0.7098299,0.20144576,619.0,805.0
0.7400007,0.18265197,82.0,683.0
0.7400007,0.18265197,598.0,683.0
0.67788696,0.22964194,50.0,608.0
0.67788696,0.22964194,555.0,608.0
0.73194987,0.2479599,25.0,636.0
0.73194987,0.2479599,561.0,636.0
0.8578587,0.3247064,87.0,663.0
0.8578587,0.3247064,574.0,663.0
0.88980746,0.34514484,34.0,557.0
0.88980746,0.34514484,520.0,557.0
0.9048835,0.3529011,21.0,572.0
0.9048835,0.3529011,535.0,572.0
1.1136333,0.3708549,11.0,521.0
1.1136333,0.3708549,509.0,521.0
0.9385358,0.40175146,224.0,762.0
0.9385358,0.40175146,534.0,762.0
0.9315803,0.42345762,40.0,658.0
0.9315803,0.42345762,553.0,658.0
0.96890974,0.419656,557.0,708.0
0.7806901,0.40788364,540.0,564.0
0.48841637,0.38228416,621.0,621.0
0.79852533,0.3403932,637.0,647.0
0.87947667,0.29612446,635.0,635.0
0.5579388,0.26428562,450.0,451.0
0.69288397,0.2874232,414.0,420.0
0.663756,0.32413727,456.0,466.0
0.55974686,0.30696213,63.0,701.0
0.55974686,0.30696213,633.0,701.0
0.59190613,0.36795273,398.0,1129.0
0.59190613,0.36795273,730.0,1129.0
0.43692055,0.34026158,397.0,1105.0
0.43692055,0.34026158,693.0,1105.0
0.5126742,0.34775275,209.0,911.0
0.5126742,0.34775275,699.0,911.0
0.668717,0.37926245,15.0,609.0
0.668717,0.37926245,593.0,609.0
0.7328485,0.35352492,111.0,913.0
0.7328485,0.35352492,757.0,913.0
0.54651713,0.3369908,196.0,1019.0
0.54651713,0.3369908,745.0,1019.0
0.6390464,0.30098122,168.0,854.0
0.6390464,0.30098122,660.0,854.0
0.62768424,0.28088507,79.0,633.0
0.62768424,0.28088507,549.0,633.0
0.7350407,0.2617259,108.0,724.0
0.7350407,0.2617259,613.0,724.0
0.52031434,0.26042336,115.0,777.0
0.52031434,0.26042336,626.0,777.0
0.46379158,0.2791337,185.0,717.0
0.46379158,0.2791337,454.0,717.0
0.5195502,0.26871312,288.0,823.0
0.5195502,0.26871312,532.0,823.0
0.44071257,0.3058497,290.0,888.0
0.44071257,0.3058497,598.0,888.0
0.42983904,0.22706805,271.0,1014.0
0.42983904,0.22706805,717.0,1014.0
0.50579816,0.28912517,169.0,821.0
0.50579816,0.28912517,651.0,821.0
0.66681767,0.39464176,15.0,668.0
0.66681767,0.39464176,652.0,668.0
0.7449118,0.35222882,19.0,731.0
0.7449118,0.35222882,652.0,731.0
0.8047749,0.37302965,6.0,619.0
0.8047749,0.37302965,544.0,619.0
0.65453756,0.4134118,18.0,461.0
0.65453756,0.4134118,442.0,461.0
0.9173987,0.4439729,5.0,427.0
0.9173987,0.4439729,419.0,427.0
0.76463276,0.43778878,22.0,718.0
0.76463276,0.43778878,694.0,718.0
0.67167884,0.41058493,36.0,748.0
0.67167884,0.41058493,710.0,748.0
0.6387415,0.39250177,42.0,681.0
0.6387415,0.39250177,636.0,681.0
0.5808661,0.3941591,111.0,684.0
0.5808661,0.3941591,573.0,684.0
0.46742293,0.3347127,183.0,806.0
0.46742293,0.3347127,622.0,806.0
0.41469407,0.29035413,164.0,831.0
0.41469407,0.29035413,664.0,831.0
0.46147692,0.26667732,145.0,842.0
0.46147692,0.26667732,588.0,842.0
0.4317848,0.2773304,152.0,750.0
0.4317848,0.2773304,584.0,750.0
0.47248372,0.28807873,174.0,732.0
0.47248372,0.28807873,537.0,732.0
0.45591772,0.32320634,154.0,832.0
0.45591772,0.32320634,676.0,832.0
0.4611252,0.33357316,203.0,962.0
0.4611252,0.33357316,758.0,962.0
0.50300086,0.32718605,175.0,865.0
0.50300086,0.32718605,687.0,865.0
0.54927146,0.32866165,14.0,491.0
0.54927146,0.32866165,474.0,491.0
0.587986,0.33391,19.0,528.0
0.587986,0.33391,506.0,528.0
0.6300628,0.32705596,18.0,594.0
0.6300628,0.32705596,463.0,594.0
0.4632852,0.32152683,32.0,797.0
0.4632852,0.32152683,627.0,797.0
0.75980014,0.3172422,45.0,782.0
0.75980014,0.3172422,645.0,782.0
0.88102806,0.3050717,28.0,674.0
0.88102806,0.3050717,565.0,674.0
0.8911748,0.27210474,6.0,657.0
0.8911748,0.27210474,617.0,657.0
0.85708916,0.28451055,13.0,664.0
0.85708916,0.28451055,649.0,664.0
0.8198272,0.3075916,114.0,640.0
0.8198272,0.3075916,523.0,640.0
0.57797295,0.28658986,107.0,715.0
0.57797295,0.28658986,566.0,715.0
0.5221711,0.28723082,132.0,751.0
0.5221711,0.28723082,438.0,751.0
0.7748308,0.26685008,174.0,635.0
0.7748308,0.26685008,440.0,635.0
0.7790216,0.30435833,228.0,608.0
0.7790216,0.30435833,377.0,608.0
0.78162944,0.3542502,302.0,504.0
0.78162944,0.3542502,199.0,504.0
0.5776589,0.37335166,389.0,679.0
0.5776589,0.37335166,289.0,679.0
0.6070389,0.40749174,81.0,473.0
0.6070389,0.40749174,391.0,473.0
0.5438627,0.42275774,12.0,537.0
0.5438627,0.42275774,521.0,537.0
0.6939534,0.42694485,22.0,528.0
0.6939534,0.42694485,503.0,528.0
0.62316585,0.41668725,600.0,600.0
0.44056925,0.39302742,716.0,716.0
0.36296996,0.3666144,734.0,746.0
0.36230516,0.34776014,608.0,608.0
0.3673957,0.33093214,54.0,681.0
0.3673957,0.33093214,616.0,681.0
0.43214908,0.29917085,5.0,644.0
0.43214908,0.29917085,638.0,644.0
0.46509427,0.2838779,573.0,573.0
0.5331539,0.284899,609.0,609.0
0.5547899,0.25637257,571.0,572.0
0.55804574,0.27950922,544.0,573.0
0.50997627,0.30610234,437.0,489.0
0.4627539,0.3167072,235.0,388.0
0.55781543,0.32454318,167.0,188.0
0.55647093,0.33172888,126.0,141.0
0.48123673,0.33225432,27.0,134.0
0.48123673,0.33225432,99.0,134.0
0.38861263,0.33588362,20.0,166.0
0.38861263,0.33588362,126.0,166.0
0.36774042,0.3339407,,57.0
0.28974614,0.3262985,16.0,178.0
0.28974614,0.3262985,158.0,178.0
0.2600557,0.33816445,9.0,374.0
0.2600557,0.33816445,360.0,374.0
0.35787278,0.31864366,4.0,619.0
0.35787278,0.31864366,615.0,619.0
0.38462445,0.30999488,11.0,504.0
0.38462445,0.30999488,493.0,504.0
0.42194355,0.2885779,8.0,634.0
0.42194355,0.2885779,624.0,634.0
0.4620956,0.27871627,22.0,657.0
0.4620956,0.27871627,634.0,657.0
0.54140997,0.34002963,6.0,631.0
0.54140997,0.34002963,624.0,631.0
0.6237504,0.37200052,622.0,625.0
0.66270834,0.37923124,519.0,521.0
0.4111569,0.4128862,628.0,628.0
0.3741641,0.42722294,619.0,619.0
0.68700504,0.4342463,576.0,576.0
0.36953285,0.43325788,600.0,600.0
0.35220385,0.4253111,638.0,638.0
0.40529597,0.4014844,659.0,659.0
0.44418776,0.36247295,691.0,691.0
0.57068944,0.39850044,579.0,579.0
0.73247415,0.37492636,653.0,653.0
0.5109029,0.3504739,657.0,657.0
0.48557037,0.31304568,636.0,636.0
0.5654514,0.24296594,639.0,639.0
0.62426734,0.24600454,537.0,537.0
0.6630012,0.26688218,683.0,683.0
0.7728704,0.29996338,611.0,611.0
0.9952804,0.33964747,631.0,631.0
1.0224601,0.32453147,633.0,633.0
0.78368706,0.3328064,626.0,626.0
0.85089576,0.3500355,516.0,516.0
0.85642236,0.39529434,621.0,621.0
0.8313502,0.41571265,693.0,693.0
0.7754801,0.41793352,638.0,638.0
0.6892239,0.38672197,636.0,636.0
0.61618114,0.31313342,557.0,557.0
0.5644146,0.27347797,476.0,476.0
0.6504825,0.27338952,531.0,531.0
0.7876397,0.26614004,603.0,603.0
0.7331602,0.30393296,644.0,644.0
0.6746278,0.35168666,700.0,700.0
0.6234399,0.40717733,767.0,767.0
0.667017,0.44731462,784.0,784.0
0.67791784,0.45599312,794.0,794.0
0.74181736,0.46351248,788.0,788.0
0.6022024,0.42305326,796.0,796.0
0.52066535,0.38546878,783.0,783.0
0.49351624,0.3473662,787.0,787.0
0.4525472,0.29546663,787.0,787.0
0.4380924,0.25719824,768.0,768.0
0.36897725,0.2993278,764.0,764.0
0.38455468,0.24419062,747.0,747.0
0.41076076,0.2208763,769.0,769.0
0.4011333,0.22783095,737.0,737.0
0.4468156,0.25581098,764.0,764.0
0.42774177,0.3142708,802.0,802.0
0.5101321,0.34041008,793.0,793.0
0.5645556,0.3756992,698.0,698.0
0.56300586,0.3962698,741.0,741.0
0.5554565,0.39059186,745.0,745.0
0.47217155,0.40154827,738.0,738.0
0.51333934,0.40578926,808.0,808.0
0.4866237,0.43734002,813.0,813.0
0.28209203,0.40220636,735.0,735.0
0.307065,0.31857598,719.0,719.0
0.36008924,0.3170454,751.0,751.0
0.43940496,0.38510132,725.0,725.0
0.43718088,0.3052415,690.0,690.0
0.44865125,0.40453118,726.0,726.0
0.47845083,0.5031563,686.0,686.0
0.5223297,0.46672338,640.0,640.0
0.5164632,0.47560054,604.0,604.0
0.41085124,0.46259212,686.0,686.0
0.4260362,0.44771808,698.0,698.0
0.47120535,0.49328533,639.0,639.0
0.4471838,0.46528673,715.0,715.0
0.42400628,0.4180978,731.0,731.0
0.48319006,0.41757753,671.0,671.0
0.5620578,0.34650928,697.0,697.0
0.59375155,0.24450782,740.0,740.0
0.61728,0.2199063,753.0,753.0
0.48927003,0.20118725,711.0,711.0
0.4369036,0.2298604,746.0,746.0
0.4440894,0.25268066,752.0,752.0
0.51661456,0.28552037,765.0,765.0
0.52128565,0.35224146,727.0,727.0
0.58444196,0.422692,746.0,746.0
0.65578854,0.44406283,752.0,752.0
0.6803875,0.50534534,750.0,750.0
0.6767454,0.4843403,699.0,699.0
0.6928959,0.49086106,690.0,690.0
0.655573,0.48127866,653.0,653.0
0.48978353,0.4642495,544.0,544.0
0.3896574,0.39924645,610.0,610.0
0.34704095,0.34112453,694.0,694.0
0.37676907,0.2656269,684.0,684.0
0.51497495,0.2980811,729.0,729.0
0.6239857,0.34843838,714.0,714.0
0.64137995,0.4068693,675.0,675.0
0.6131091,0.4409839,637.0,637.0
0.57114995,0.42819983,615.0,615.0
0.5594629,0.42979005,629.0,629.0
0.617704,0.40353093,676.0,676.0
0.619056,0.42230865,673.0,673.0
0.6290254,0.419178,663.0,663.0
0.6984298,0.40415198,496.0,497.0
0.740121,0.3224005,607.0,607.0
0.7137383,0.25118837,633.0,633.0
0.74891007,0.20519373,605.0,605.0
0.83784413,0.17045556,746.0,746.0
0.8065728,0.17364605,803.0,803.0
0.7188014,0.17183785,808.0,808.0
0.58777344,0.21482852,736.0,736.0
0.60445607,0.33397374,700.0,700.0
0.5909303,0.32582152,757.0,757.0
0.6503211,0.3808634,693.0,693.0
0.6750772,0.44758672,635.0,635.0
0.6608001,0.41981062,673.0,673.0
0.7219528,0.43014383,766.0,766.0
0.9321734,0.41491944,702.0,702.0
1.0137901,0.43835425,695.0,695.0
0.8847612,0.40568012,653.0,653.0
0.85167336,0.36530265,557.0,557.0
0.8355597,0.2879793,657.0,657.0
0.7686855,0.24377507,699.0,699.0
0.7471297,0.2515669,733.0,733.0
0.70639324,0.30307284,745.0,745.0
0.65858716,0.35358486,697.0,697.0
0.5982976,0.39595312,713.0,713.0
0.51474863,0.40699553,766.0,766.0
0.5369307,0.4013754,770.0,829.0
0.677511,0.38025397,742.0,886.0
0.85127103,0.3930299,731.0,917.0
0.97519463,0.40059924,719.0,1088.0
1.0455478,0.35847425,548.0,881.0
1.1310295,0.32482448,642.0,836.0
1.1184974,0.28302902,4.0,626.0
1.1184974,0.28302902,559.0,626.0
0.879989,0.27304155,53.0,163.0
0.7321105,0.26065767,599.0,611.0
0.72964764,0.26138616,665.0,665.0
0.73589563,0.24898754,646.0,646.0
0.7092091,0.24217543,633.0,633.0
0.71057713,0.26608416,655.0,655.0
0.70082915,0.3076789,36.0,712.0
0.70082915,0.3076789,676.0,712.0
0.73704815,0.3514485,29.0,707.0
0.73704815,0.3514485,676.0,707.0
0.8299273,0.38397658,7.0,807.0
0.8299273,0.38397658,670.0,807.0
0.8893324,0.41472885,616.0,619.0
0.9130324,0.42413804,697.0,700.0
0.7168783,0.42001805,6.0,759.0
0.7168783,0.42001805,750.0,759.0
0.77465,0.40104264,745.0,747.0
0.8539404,0.38334027,745.0,747.0
0.8621412,0.35774586,668.0,669.0
0.80930734,0.38648042,760.0,761.0
0.7909527,0.37427485,788.0,917.0
0.69603086,0.34606862,735.0,886.0
0.65739644,0.2701829,690.0,696.0
0.62142926,0.30694944,738.0,857.0
0.662426,0.335195,65.0,882.0
0.662426,0.335195,753.0,882.0
0.80563664,0.35545522,541.0,1429.0
0.80563664,0.35545522,693.0,1429.0
0.9382873,0.3436185,622.0,1405.0
0.9382873,0.3436185,691.0,1405.0
0.93992734,0.3428948,293.0,993.0
0.93992734,0.3428948,618.0,993.0
0.95611835,0.3295696,372.0,1077.0
0.95611835,0.3295696,705.0,1077.0
1.0075328,0.32969448,201.0,823.0
1.0075328,0.32969448,620.0,823.0
1.2140808,0.31915247,181.0,879.0
1.2140808,0.31915247,695.0,879.0
1.2812114,0.31605065,213.0,899.0
1.2812114,0.31605065,684.0,899.0
1.307257,0.28562018,290.0,998.0
1.307257,0.28562018,706.0,998.0
1.3279939,0.28539544,347.0,1023.0
1.3279939,0.28539544,675.0,1023.0
1.136169,0.2739408,433.0,1130.0
1.136169,0.2739408,696.0,1130.0
0.8468888,0.27606943,152.0,818.0
0.8468888,0.27606943,665.0,818.0
0.79427856,0.29602212,103.0,863.0
0.79427856,0.29602212,757.0,863.0
0.80357254,0.2810064,263.0,1016.0
0.80357254,0.2810064,753.0,1016.0
0.64484715,0.3361551,458.0,1180.0
0.64484715,0.3361551,722.0,1180.0
0.82350177,0.3696305,434.0,1179.0
0.82350177,0.3696305,744.0,1179.0
1.117357,0.3553293,445.0,1172.0
1.117357,0.3553293,727.0,1172.0
1.1001475,0.37366176,379.0,1130.0
1.1001475,0.37366176,751.0,1130.0
1.0453017,0.39806974,350.0,1064.0
1.0453017,0.39806974,714.0,1064.0
1.1440573,0.40440246,321.0,1084.0
1.1440573,0.40440246,761.0,1084.0
1.1889979,0.40782928,185.0,963.0
1.1889979,0.40782928,776.0,963.0
1.2568321,0.4164807,80.0,855.0
1.2568321,0.4164807,771.0,855.0
1.1830304,0.4206659,131.0,904.0
1.1830304,0.4206659,770.0,904.0
0.9638022,0.39051938,249.0,1018.0
0.9638022,0.39051938,767.0,1018.0
0.75933146,0.35958678,55.0,749.0
0.75933146,0.35958678,691.0,749.0
0.62025726,0.3140671,80.0,805.0
0.62025726,0.3140671,719.0,805.0
0.64687514,0.2665997,560.0,1326.0
0.64687514,0.2665997,766.0,1326.0
0.941592,0.2788667,520.0,1298.0
0.941592,0.2788667,778.0,1298.0
1.0086378,0.28601438,603.0,1363.0
1.0086378,0.28601438,756.0,1363.0
0.9752099,0.28901976,575.0,1323.0
0.9752099,0.28901976,748.0,1323.0
0.8653172,0.30584237,523.0,1279.0
0.8653172,0.30584237,756.0,1279.0
0.8499572,0.35060805,434.0,1214.0
0.8499572,0.35060805,774.0,1214.0
0.8857653,0.33511284,263.0,999.0
0.8857653,0.33511284,717.0,999.0
0.91395843,0.34087348,331.0,1106.0
0.91395843,0.34087348,775.0,1106.0
1.056524,0.34715796,376.0,1187.0
1.056524,0.34715796,772.0,1187.0
1.0959046,0.3463804,390.0,1289.0
1.0959046,0.3463804,794.0,1289.0
0.9888661,0.34967378,395.0,1279.0
0.9888661,0.34967378,797.0,1279.0
1.0057266,0.3261947,473.0,1406.0
1.0057266,0.3261947,772.0,1406.0
0.85200554,0.33057386,464.0,1326.0
0.85200554,0.33057386,758.0,1326.0
0.8138586,0.26721737,440.0,1222.0
0.8138586,0.26721737,763.0,1222.0
0.684632,0.25663906,502.0,1270.0
0.684632,0.25663906,753.0,1270.0
0.6052831,0.25864762,494.0,1281.0
0.6052831,0.25864762,766.0,1281.0
0.55890536,0.29732698,503.0,1388.0
0.55890536,0.29732698,785.0,1388.0
0.63572156,0.291295,465.0,1251.0
0.63572156,0.291295,786.0,1251.0
0.80607015,0.34264952,524.0,1287.0
0.80607015,0.34264952,763.0,1287.0
0.8821814,0.34055322,434.0,1203.0
0.8821814,0.34055322,768.0,1203.0
0.8518598,0.36984372,283.0,967.0
0.8518598,0.36984372,680.0,967.0
0.73954785,0.38644063,498.0,1267.0
0.73954785,0.38644063,769.0,1267.0
0.76233876,0.4006499,456.0,1225.0
0.76233876,0.4006499,769.0,1225.0
0.8428657,0.40848416,537.0,1266.0
0.8428657,0.40848416,729.0,1266.0
1.021965,0.40552223,608.0,1352.0
1.021965,0.40552223,744.0,1352.0
1.1325684,0.39083445,610.0,1349.0
1.1325684,0.39083445,739.0,1349.0
1.0016127,0.40976518,522.0,1269.0
1.0016127,0.40976518,747.0,1269.0
0.66785204,0.40183032,294.0,1046.0
0.66785204,0.40183032,749.0,1046.0
0.57519287,0.33820114,525.0,1268.0
0.57519287,0.33820114,742.0,1268.0
0.5173934,0.2901098,580.0,1352.0
0.5173934,0.2901098,772.0,1352.0
0.619275,0.25265914,511.0,1234.0
0.619275,0.25265914,723.0,1234.0
0.58673626,0.27450138,510.0,1196.0
0.58673626,0.27450138,686.0,1196.0
0.7337108,0.3124639,270.0,668.0
0.7337108,0.3124639,398.0,668.0
0.7694565,0.29646754,,
0.826923,0.30004972,29.0,75.0
0.826923,0.30004972,45.0,75.0
0.84427905,0.29650486,528.0,1240.0
0.84427905,0.29650486,712.0,1240.0
0.9878237,0.3070344,523.0,1205.0
0.9878237,0.3070344,682.0,1205.0
1.0643396,0.32044482,585.0,1218.0
1.0643396,0.32044482,633.0,1218.0
1.1774248,0.33595392,595.0,1212.0
1.1774248,0.33595392,617.0,1212.0
1.1579411,0.3498485,618.0,1308.0
1.1579411,0.3498485,690.0,1308.0
1.0354434,0.34260446,642.0,1372.0
1.0354434,0.34260446,730.0,1372.0
0.9116564,0.316499,580.0,1298.0
0.9116564,0.316499,718.0,1298.0
0.7757027,0.32879367,89.0,793.0
0.7757027,0.32879367,700.0,793.0
0.6856371,0.3841355,78.0,709.0
0.6856371,0.3841355,626.0,709.0
0.5551821,0.33027756,92.0,779.0
0.5551821,0.33027756,682.0,779.0
0.64126945,0.2768566,125.0,870.0
0.64126945,0.2768566,741.0,870.0
0.777771,0.27761942,145.0,869.0
0.777771,0.27761942,722.0,869.0
0.9127881,0.30237174,157.0,903.0
0.9127881,0.30237174,744.0,903.0
0.8902375,0.32428563,225.0,889.0
0.8902375,0.32428563,662.0,889.0
0.9750564,0.36555925,152.0,753.0
0.9750564,0.36555925,600.0,753.0
1.0257856,0.39193135,221.0,897.0
1.0257856,0.39193135,674.0,897.0
1.162602,0.40897813,169.0,752.0
1.162602,0.40897813,575.0,752.0
1.2528653,0.42644322,186.0,970.0
1.2528653,0.42644322,764.0,970.0
0.6332909,0.4154056,89.0,846.0
0.6332909,0.4154056,753.0,846.0
0.30469257,0.40256333,103.0,838.0
0.30469257,0.40256333,734.0,838.0
0.32983366,0.42336807,118.0,799.0
0.32983366,0.42336807,679.0,799.0
0.5433377,0.37155506,62.0,754.0
0.5433377,0.37155506,691.0,754.0
0.7614508,0.30267283,117.0,817.0
0.7614508,0.30267283,616.0,817.0
0.74307704,0.2607814,309.0,757.0
0.74307704,0.2607814,414.0,757.0
0.66277367,0.24907643,226.0,752.0
0.66277367,0.24907643,476.0,752.0
0.69626033,0.27897274,109.0,595.0
0.69626033,0.27897274,446.0,595.0
0.6740252,0.27673,482.0,483.0
0.6588559,0.28098887,25.0,601.0
0.6588559,0.28098887,510.0,601.0
0.59469914,0.32240438,131.0,659.0
0.59469914,0.32240438,394.0,659.0
0.7560514,0.26435703,78.0,432.0
0.7560514,0.26435703,350.0,432.0
0.975443,0.28885174,95.0,522.0
0.975443,0.28885174,424.0,522.0
0.98406434,0.3423389,32.0,515.0
0.98406434,0.3423389,480.0,515.0
0.5876332,0.33299416,7.0,525.0
0.5876332,0.33299416,518.0,525.0
0.809073,0.3477499,597.0,597.0
0.9735556,0.3617009,642.0,642.0
1.0070956,0.37213814,661.0,662.0
1.1212922,0.4357894,560.0,560.0
1.0928987,0.36961132,469.0,483.0
0.8029796,0.32942626,411.0,430.0
1.0509052,0.26536244,461.0,552.0
0.96184754,0.26020974,279.0,281.0
0.89136493,0.29437393,2.0,475.0
0.89136493,0.29437393,471.0,475.0
0.86224616,0.30864754,500.0,500.0
0.77797663,0.3427537,705.0,705.0
0.81309426,0.3726403,670.0,672.0
0.8740574,0.39995608,600.0,600.0
0.8866002,0.4270438,489.0,489.0
0.93583953,0.41180187,485.0,485.0
0.9412739,0.41236746,72.0,810.0
0.9412739,0.41236746,737.0,810.0
0.898425,0.37270755,122.0,921.0
0.898425,0.37270755,798.0,921.0
0.9497335,0.33255082,161.0,996.0
0.9497335,0.33255082,782.0,996.0
0.9258805,0.3010632,113.0,898.0
0.9258805,0.3010632,782.0,898.0
0.86464393,0.25643125,121.0,901.0
0.86464393,0.25643125,780.0,901.0
0.84178185,0.24627659,78.0,864.0
0.84178185,0.24627659,786.0,864.0
0.6991217,0.2754081,60.0,829.0
0.6991217,0.2754081,767.0,829.0
0.66390073,0.23359074,72.0,840.0
0.66390073,0.23359074,767.0,840.0
0.6275779,0.26085955,53.0,763.0
0.6275779,0.26085955,710.0,763.0
0.61581564,0.24387527,9.0,780.0
0.61581564,0.24387527,770.0,780.0
0.77044237,0.33202773,8.0,810.0
0.77044237,0.33202773,799.0,810.0
0.6876521,0.35746354,4.0,773.0
0.6876521,0.35746354,765.0,773.0
1.0889971,0.31806546,22.0,791.0
1.0889971,0.31806546,768.0,791.0
1.064712,0.3336817,17.0,795.0
1.064712,0.3336817,775.0,795.0
1.1320691,0.3604481,19.0,698.0
1.1320691,0.3604481,675.0,698.0
1.1878437,0.38347858,23.0,727.0
1.1878437,0.38347858,702.0,727.0
1.1742425,0.38674355,24.0,728.0
1.1742425,0.38674355,701.0,728.0
0.904727,0.3770966,42.0,796.0
0.904727,0.3770966,752.0,796.0
0.55638975,0.35101846,22.0,832.0
0.55638975,0.35101846,807.0,832.0
0.6738678,0.31951824,40.0,783.0
0.6738678,0.31951824,740.0,783.0
0.6451864,0.3123331,68.0,580.0
0.6451864,0.3123331,510.0,580.0
0.64639175,0.31193125,26.0,403.0
0.64639175,0.31193125,369.0,403.0
0.60219157,0.27966136,31.0,426.0
0.60219157,0.27966136,390.0,426.0
0.68453825,0.30342165,100.0,527.0
0.68453825,0.30342165,421.0,527.0
0.64507437,0.3179835,154.0,777.0
0.64507437,0.3179835,622.0,777.0
0.63123006,0.36211288,105.0,623.0
0.63123006,0.36211288,517.0,623.0
0.66215074,0.3856227,176.0,789.0
0.66215074,0.3856227,612.0,789.0
0.74587,0.39033175,152.0,658.0
0.74587,0.39033175,506.0,658.0
0.8479254,0.39003235,30.0,637.0
0.8479254,0.39003235,603.0,637.0
0.7615994,0.38381767,17.0,740.0
0.7615994,0.38381767,721.0,740.0
0.6652634,0.36831456,24.0,691.0
0.6652634,0.36831456,663.0,691.0
0.5834635,0.32898787,600.0,604.0
0.53469425,0.274315,44.0,618.0
0.53469425,0.274315,573.0,618.0
0.47402173,0.22293106,49.0,764.0
0.47402173,0.22293106,710.0,764.0
0.3310223,0.2145341,59.0,735.0
0.3310223,0.2145341,672.0,735.0
0.3971249,0.2548455,31.0,812.0
0.3971249,0.2548455,780.0,812.0
0.60944337,0.18869257,45.0,746.0
0.60944337,0.18869257,700.0,746.0
0.608313,0.2102484,5.0,720.0
0.608313,0.2102484,712.0,720.0
0.60266495,0.20657365,725.0,726.0
0.7215923,0.25255916,4.0,728.0
0.7215923,0.25255916,723.0,728.0
1.0057888,0.28661332,750.0,750.0
0.90202737,0.33073008,673.0,674.0
0.7706702,0.35136843,8.0,698.0
0.7706702,0.35136843,689.0,698.0
0.6796001,0.39245772,683.0,683.0
0.5757756,0.40865725,639.0,639.0
1.0029888,0.40387174,575.0,575.0
1.2639817,0.3940786,587.0,587.0
0.7694304,0.372501,690.0,690.0
0.5843065,0.33564407,716.0,716.0
0.4302494,0.31107706,699.0,699.0
0.5071455,0.29095232,601.0,601.0
0.5932505,0.2847185,644.0,644.0
0.6664232,0.3078236,689.0,689.0
0.6415498,0.30596834,686.0,686.0
0.638459,0.36234468,627.0,627.0
0.68658006,0.38378403,622.0,622.0
0.809747,0.39021033,486.0,486.0
0.7569735,0.37998268,485.0,485.0
0.8246622,0.37193727,620.0,620.0
0.94546777,0.3490997,621.0,621.0
0.7350928,0.32773757,638.0,639.0
0.66612804,0.2778959,574.0,574.0
0.5392797,0.25247175,628.0,628.0
0.5743075,0.29675746,661.0,661.0
0.43105298,0.31711745,699.0,699.0
0.5344138,0.24754018,704.0,704.0
0.5804078,0.25152874,605.0,605.0
0.5157206,0.24883,569.0,569.0
0.57409513,0.30684716,520.0,520.0
0.66842663,0.2967345,498.0,498.0
0.741477,0.31775445,586.0,586.0
0.7130811,0.36779547,573.0,573.0
0.6775459,0.4033672,454.0,454.0
0.69992614,0.41736072,531.0,532.0
0.6129916,0.42384487,620.0,620.0
0.2904222,0.4103938,650.0,650.0
0.2582072,0.38995957,592.0,592.0
0.29006818,0.3653518,587.0,587.0
0.25423342,0.348818,631.0,631.0
0.2198071,0.32365185,599.0,599.0
0.2954549,0.28720415,629.0,629.0
0.32168865,0.29979315,606.0,606.0
0.42501253,0.35270745,484.0,484.0
0.49044806,0.34619743,170.0,172.0
0.48730797,0.33925068,61.0,65.0
0.43683684,0.34270954,25.0,31.0
0.54863286,0.3562215,212.0,212.0
0.52957404,0.36612028,569.0,569.0
0.31003693,0.3349852,591.0,591.0
0.21314827,0.32896602,604.0,604.0
0.33989066,0.3028013,546.0,546.0
0.26589662,0.27702916,490.0,490.0
0.23850861,0.29670462,503.0,503.0
0.20481957,0.26259446,544.0,544.0
0.21961087,0.25788337,555.0,556.0
0.3343175,0.25148782,467.0,467.0
0.17264916,0.2484915,544.0,544.0
0.28888553,0.298505,741.0,741.0
0.31651378,0.33292913,688.0,688.0
0.36151272,0.37295908,560.0,562.0
0.42745906,0.38778883,605.0,605.0
0.4741904,0.44236517,544.0,544.0
0.5335673,0.4329594,616.0,616.0
0.5742917,0.4301053,428.0,430.0
0.38511992,0.43056923,59.0,60.0
0.27856094,0.41703343,595.0,595.0
0.29812595,0.4119687,627.0,627.0
0.37023866,0.40328586,633.0,646.0
0.38686582,0.37851596,621.0,621.0
0.38223094,0.29968148,600.0,600.0
0.30658355,0.34268415,564.0,564.0
0.30112302,0.32277006,536.0,536.0
0.32489282,0.32516146,550.0,550.0
0.46740997,0.3310016,478.0,480.0
0.49788827,0.34110665,495.0,495.0
0.43727192,0.34415787,457.0,457.0
0.39215374,0.35259724,545.0,545.0
0.26543254,0.3689889,468.0,468.0
0.22689536,0.41234913,493.0,493.0
0.27751324,0.3789534,384.0,384.0
0.38899118,0.36357713,254.0,255.0
0.34749323,0.37036735,250.0,251.0
0.25545323,0.36310816,403.0,403.0
0.3980048,0.32192162,446.0,446.0
0.34590846,0.22718772,311.0,312.0
0.32696283,0.25656718,278.0,278.0
0.36890918,0.30022687,285.0,486.0
0.50349855,0.30668494,251.0,395.0
0.58329225,0.34659183,290.0,291.0
0.5784985,0.42015806,266.0,268.0
0.64978063,0.4475376,612.0,612.0
0.5673404,0.48710346,701.0,701.0
0.4559039,0.4884397,606.0,606.0
0.40675142,0.47153836,658.0,658.0
0.29566047,0.42801934,647.0,647.0
0.23853013,0.39477152,661.0,661.0
0.24259043,0.37014285,622.0,622.0
0.29617834,0.32803595,527.0,527.0
0.3156379,0.29415116,471.0,471.0
0.33340853,0.24613474,559.0,559.0
0.34018254,0.2282665,553.0,553.0
0.3441097,0.23504752,545.0,545.0
0.38933468,0.2576381,559.0,559.0
0.4296173,0.30081534,546.0,546.0
0.42575046,0.36452383,490.0,490.0
0.51026773,0.41253608,359.0,362.0
0.52369833,0.4152724,268.0,269.0
0.5164934,0.43820664,232.0,234.0
0.47489697,0.45761332,186.0,190.0
0.39523178,0.4552525,134.0,137.0
0.3714336,0.45581314,150.0,151.0
0.32089734,0.39577842,193.0,195.0
0.37205094,0.34908313,249.0,250.0
0.30788022,0.32681882,263.0,263.0
0.3769314,0.3109904,359.0,359.0
0.5778031,0.2648141,33.0,33.0
0.63667005,0.25950378,,
0.5922419,0.30763823,,
0.6829338,0.34976238,,
0.7303443,0.36325362,,
0.7325454,0.4106542,,
0.73218596,0.4512996,,
0.68810225,0.5008138,,
0.6572795,0.48963702,,
0.5252921,0.44879925,,
0.52173257,0.42982522,,
0.45186666,0.39694294,,
0.41023022,0.3127877,,
0.4547748,0.24418715,,
0.52443385,0.23309551,,
0.4697765,0.20280632,,
0.49839497,0.25761247,,
0.57554984,0.2854709,,
0.5452318,0.319766,,
0.54301655,0.37221,,
0.5745636,0.47084183,,1.0
0.7205083,0.4392537,,
0.73843694,0.4671356,,
0.8003833,0.3733085,,
0.8224133,0.47432587,,
0.8467318,0.48530477,,
0.6524726,0.39977753,,
0.53553957,0.34060156,,
0.5964004,0.37927973,,
0.6263733,0.36977452,,1.0
0.7195517,0.41593787,,1.0
0.70723826,0.5163758,,
0.764451,0.43685594,,
0.7687137,0.4086728,,
0.7874294,0.41836432,,
0.76601845,0.43741345,,
0.8036171,0.44779497,,
0.76482916,0.446643,,
0.7280351,0.42649937,,
0.70029795,0.38380718,,
0.671263,0.3491616,,
0.59825766,0.31116068,,
0.5850949,0.2617406,,
0.656079,0.24880491,,
0.62297595,0.24047922,,
0.5929016,0.28552634,,
0.6054784,0.38348368,,
0.6426048,0.49939233,,
0.6628672,0.40839088,,
0.74167895,0.37875795,,
1.1685183,0.34860802,,
1.0957191,0.40695506,,
1.3170552,0.43193012,,
1.3336653,0.41396004,,
1.1972716,0.39570764,,67.0
1.2328649,0.3628599,,
1.2995131,0.33854714,,
1.378964,0.32306117,,
1.222889,0.3880742,,
1.1905466,0.38272095,,
1.2325544,0.36273384,,
1.271651,0.34930056,,
1.227407,0.39046976,,
1.2391791,0.41691434,,
1.1787531,0.43939877,,
1.2508907,0.4469443,,
1.3267677,0.43273026,,
1.4961047,0.3882885,,
1.5436575,0.33446947,,
1.3264315,0.31558692,,
1.0547366,0.2770059,,
1.0193329,0.2215003,,
0.93536603,0.31872755,,
0.7908041,0.33431426,,
0.7259822,0.26913574,3.0,3.0
0.99546397,0.25865638,,
1.410353,0.2744971,,
1.3616126,0.3097642,2.0,89.0
1.3916147,0.33001295,,83.0
1.4693882,0.3501876,,29.0
1.4696014,0.3827229,2.0,2.0
1.4756036,0.39202017,4.0,6.0
1.5313053,0.39065748,,16.0
1.5600669,0.3821677,,46.0
1.5341508,0.35606396,,1.0
1.5147362,0.30595523,,
1.2171323,0.32698634,,
0.9739659,0.31889892,,1.0
1.7186339,0.3338341,,
1.8065593,0.36403614,,
1.6998992,0.3948317,,56.0
1.9705398,0.41841286,,
1.7530975,0.4070763,,
1.6170366,0.40193945,,
1.6765896,0.3987583,,1.0
1.4537477,0.37683225,,16.0
1.4209251,0.36165303,,77.0
1.4334624,0.36322773,,
1.7026587,0.31454986,,
1.6799104,0.29507157,,
1.8996389,0.27010787,,
1.8043127,0.23928502,,
1.3661575,0.25564736,,
1.1657896,0.22818963,,
1.1726929,0.20198505,,
1.15381,0.26167482,,
1.0966885,0.28769362,,
1.0611032,0.31932592,,
1.2237346,0.33972734,,
1.1987194,0.36906576,,1.0
1.316313,0.3923949,,
1.5106397,0.40040323,,
1.5534602,0.3993438,,
1.6276269,0.409174,,
1.7555903,0.38701212,,
1.7391366,0.36653614,,199.0
1.5760194,0.30265856,,502.0
1.4039099,0.28271252,,438.0
1.2898892,0.31125653,,235.0
1.1650748,0.32169473,,230.0
1.0674787,0.3493732,,137.0
1.05041,0.3622393,,43.0
0.9968397,0.38813376,,
1.0879042,0.3952737,,
1.1011899,0.3698297,,
1.1033846,0.38295603,,
1.1569657,0.36880058,,
1.2726841,0.3183813,,
1.3676128,0.28869665,,
1.2363987,0.24708226,,
1.1691242,0.26126826,,
0.982226,0.24427673,,
0.95113134,0.23581925,,
0.960426,0.24981028,,
0.95690227,0.28116804,,
1.0454749,0.30097353,,
1.1054873,0.3247754,,
1.0809543,0.35338002,,
1.1504405,0.38107902,,
1.3186865,0.39958835,,
1.5214164,0.40732244,,
1.4601681,0.45764303,,
1.1981007,0.42609257,,
1.1802415,0.41536164,,
1.096674,0.40040028,,
1.0089889,0.3264101,,
0.92295754,0.30668622,,
0.7940296,0.30530953,,
0.7635404,0.3340422,,
0.8014318,0.32818288,,
0.8932799,0.31090045,,
0.945927,0.32246625,,
1.0551865,0.3305136,,
1.2655361,0.32336035,,
1.4444976,0.324846,,
1.4685799,0.31957227,,
1.6225216,0.31371346,,
1.5197899,0.2954815,,
1.4529804,0.2883656,,
1.0927919,0.29444927,,
0.7459953,0.25003722,,
0.92364776,0.24310482,,
0.77034974,0.24124156,,
0.89768136,0.2537345,,
1.1280413,0.27577138,,
1.2207088,0.30071485,,
1.1828744,0.3382662,,
1.268384,0.3668368,,56.0
1.0610247,0.40213603,,
1.2410431,0.42097723,,
1.3451221,0.41467068,,
1.3365812,0.40430835,,
0.9839612,0.38231346,,
0.77576244,0.34738806,,
0.7382937,0.31068444,,
0.6798327,0.27384615,,
0.7323448,0.2630574,,
0.7985953,0.26598975,,
0.77184284,0.26240516,,
0.7915021,0.34875652,,5.0
0.891797,0.3375731,,
0.9427892,0.3160538,,
1.0431758,0.3412606,,52.0
1.1271734,0.34891665,,
1.1958355,0.36899936,,
1.1191359,0.39335108,,
1.1759915,0.38680375,,
1.2355256,0.36939594,,
1.1650686,0.3484996,,
0.7772001,0.2892459,,
0.81741846,0.27104115,,
0.7414196,0.2352653,,
0.70698225,0.24607088,,
0.7837132,0.268593,,89.0
0.99334973,0.30558202,,54.0
1.3063948,0.3424521,,1.0
1.4769127,0.37241304,,
1.6814201,0.39963695,,
1.7264701,0.41564286,,
1.7401298,0.42053992,,26.0
1.4255223,0.4185402,,64.0
0.9012251,0.4045605,,
0.7237582,0.3691785,,
0.8518609,0.3110475,,
0.7452529,0.2649687,,
0.8521048,0.21795797,,
0.9005524,0.23358761,,75.0
0.864223,0.2356863,,9.0
0.99270725,0.2503946,,40.0
1.1629293,0.26511914,,
1.070057,0.27389905,,
0.9474853,0.30191568,,
1.0249816,0.31611964,,
1.1448953,0.32463276,,
0.9729266,0.32810545,,
0.96117735,0.3342116,,
0.89347386,0.34353226,,
0.97294295,0.32568923,,
1.1776949,0.3031878,,178.0
1.0074189,0.28974938,,61.0
0.7392298,0.31221372,,3.0
0.69212306,0.33063805,,
0.8117285,0.32179874,,32.0
0.90413046,0.30732393,,57.0
0.9654006,0.3339604,,34.0
0.9603805,0.35581958,,67.0
0.7318628,0.38622355,,79.0
0.7387041,0.4089954,,19.0
0.6926432,0.42543048,,30.0
0.87220645,0.40778214,,10.0
0.88064754,0.3805007,,14.0
1.0338763,0.34106225,,7.0
0.8882607,0.29698786,,
0.6922395,0.2277152,,
0.7546266,0.18621731,,
0.91648316,0.20431188,,14.0
0.94923985,0.20636705,,152.0
1.4099383,0.22993279,,
1.9071126,0.25955117,,
1.9205009,0.2514986,,
1.3502367,0.28639376,,
1.1177585,0.35160655,,
0.98468125,0.36283278,,
1.1480842,0.3772294,,
1.3640783,0.36070263,,
1.1347528,0.3596743,,159.0
1.0584553,0.34924376,,65.0
1.0260136,0.32905895,,44.0
0.9076499,0.31353205,,136.0
0.9344655,0.29443803,,32.0
0.98587185,0.28557834,,85.0
1.0006138,0.29357356,,207.0
0.9178041,0.29490247,,45.0
0.9031561,0.31790882,,83.0
0.91221106,0.35849696,,129.0
0.7677692,0.38103575,,48.0
0.4453389,0.40644532,,
0.36635724,0.4167253,,
0.3213178,0.40912074,,
0.43580708,0.39124495,,24.0
0.54248023,0.34512618,,38.0
0.59143984,0.29923993,,
0.4692611,0.28653914,,
0.44970042,0.27027917,,
0.2525882,0.25554824,,
0.5331794,0.27444363,,4.0
0.5169858,0.23509291,,24.0
0.52993906,0.24188071,,
0.65627265,0.27898702,,
0.6098703,0.29848972,,
