time,chlorophyll
2011-01-01,0.82646406
2011-01-02,0.74969864
2011-01-03,0.73554415
2011-01-04,0.6329025
2011-01-05,0.7039036
2011-01-06,0.6888677
2011-01-07,0.6924559
2011-01-08,0.37573597
2011-01-09,0.27344504
2011-01-10,0.21172342
2011-01-11,0.23667797
2011-01-12,0.3333094
2011-01-13,0.3604034
2011-01-14,0.41221815
2011-01-15,0.61004925
2011-01-16,0.8744439
2011-01-17,1.0339603
2011-01-18,1.1592078
2011-01-19,0.7780547
2011-01-20,0.8998443
2011-01-21,0.91983503
2011-01-22,0.9658007
2011-01-23,1.0168236
2011-01-24,1.0543351
2011-01-25,0.8491403
2011-01-26,0.7909037
2011-01-27,0.67683816
2011-01-28,0.7984259
2011-01-29,0.75387955
2011-01-30,0.9276361
2011-01-31,1.1558814
2011-02-01,1.0700178
2011-02-02,1.0897267
2011-02-03,1.0419588
2011-02-04,0.8708414
2011-02-05,0.94236875
2011-02-06,0.8613962
2011-02-07,0.6673681
2011-02-08,0.8362096
2011-02-09,1.0352693
2011-02-10,0.9530905
2011-02-11,0.84726256
2011-02-12,0.7532049
2011-02-13,0.5801327
2011-02-14,0.6833816
2011-02-15,0.7737583
2011-02-16,0.9190885
2011-02-17,0.9519689
2011-02-18,0.994885
2011-02-19,1.1401587
2011-02-20,1.0715702
2011-02-21,0.91703326
2011-02-22,1.0662987
2011-02-23,1.2084996
2011-02-24,1.1185851
2011-02-25,0.9235153
2011-02-26,0.854983
2011-02-27,0.9157082
2011-02-28,0.9460254
2011-03-01,1.0142305
2011-03-02,0.9260334
2011-03-03,0.9012841
2011-03-04,0.8407465
2011-03-05,0.69452584
2011-03-06,1.1012247
2011-03-07,0.73062825
2011-03-08,0.8466103
2011-03-09,1.005457
2011-03-10,0.94458544
2011-03-11,0.78699046
2011-03-12,0.77964413
2011-03-13,0.7649369
2011-03-14,0.73709697
2011-03-15,0.78781563
2011-03-16,0.7818466
2011-03-17,0.90353537
2011-03-18,1.0860763
2011-03-19,1.0242321
2011-03-20,1.0038255
2011-03-21,0.94504935
2011-03-22,0.8019794
2011-03-23,0.79637206
2011-03-24,0.7524207
2011-03-25,1.0526812
2011-03-26,1.1078678
2011-03-27,1.0971708
2011-03-28,1.322195
2011-03-29,1.1910634
2011-03-30,1.1379788
2011-03-31,1.0694836
2011-04-01,0.7747234
2011-04-02,0.98584473
2011-04-03,1.0234606
2011-04-04,0.7992379
2011-04-05,0.779155
2011-04-06,0.8331345
2011-04-07,0.74615467
2011-04-08,0.8461679
2011-04-09,0.90738934
2011-04-10,0.9016551
2011-04-11,0.7477397
2011-04-12,0.6756768
2011-04-13,0.6585181
2011-04-14,0.60075396
2011-04-15,0.5646925
2011-04-16,0.6898967
2011-04-17,0.8188564
2011-04-18,1.0469509
2011-04-19,1.0593536
2011-04-20,1.1559577
2011-04-21,1.2340448
2011-04-22,1.0907649
2011-04-23,1.0241947
2011-04-24,1.0246896
2011-04-25,1.0791612
2011-04-26,1.0708625
2011-04-27,1.0416341
2011-04-28,1.1709764
2011-04-29,1.0284647
2011-04-30,1.0068338
2011-05-01,0.9928596
2011-05-02,0.98951626
2011-05-03,1.0093089
2011-05-04,0.86422193
2011-05-05,0.7962378
2011-05-06,1.0039303
2011-05-07,1.140344
2011-05-08,1.1068562
2011-05-09,1.1688957
2011-05-10,1.0762872
2011-05-11,1.0508001
2011-05-12,0.9607178
2011-05-13,0.8225925
2011-05-14,0.7924031
2011-05-15,0.82050365
2011-05-16,1.0911605
2011-05-17,1.3817782
2011-05-18,1.4752703
2011-05-19,1.409692
2011-05-20,1.4163322
2011-05-21,1.4131773
2011-05-22,1.4528359
2011-05-23,1.6487578
2011-05-24,1.5583091
2011-05-25,1.1497223
2011-05-26,0.97712994
2011-05-27,1.1700573
2011-05-28,1.400192
2011-05-29,1.3119427
2011-05-30,1.2448726
2011-05-31,1.2660658
2011-06-01,1.3072039
2011-06-02,1.3733411
2011-06-03,1.3825119
2011-06-04,1.3661422
2011-06-05,1.408421
2011-06-06,1.3514125
2011-06-07,1.2871449
2011-06-08,1.2791706
2011-06-09,1.1367462
2011-06-10,1.1200154
2011-06-11,1.0926452
2011-06-12,1.1150188
2011-06-13,1.1134315
2011-06-14,1.1506113
2011-06-15,1.1577623
2011-06-16,1.2149799
2011-06-17,1.2009896
2011-06-18,1.1172538
2011-06-19,1.054507
2011-06-20,1.0849862
2011-06-21,1.1088414
2011-06-22,1.1317126
2011-06-23,0.96890116
2011-06-24,1.0930977
2011-06-25,1.3485386
2011-06-26,1.5362444
2011-06-27,1.6064978
2011-06-28,1.4943233
2011-06-29,1.4137093
2011-06-30,1.2151719
2011-07-01,1.1360795
2011-07-02,1.1781623
2011-07-03,1.2198538
2011-07-04,1.2289596
2011-07-05,1.2903935
2011-07-06,1.4069469
2011-07-07,1.3207406
2011-07-08,1.129842
2011-07-09,0.97057617
2011-07-10,0.92292476
2011-07-11,0.7869087
2011-07-12,0.8568011
2011-07-13,1.0250407
2011-07-14,1.1470388
2011-07-15,1.1720157
2011-07-16,1.4584868
2011-07-17,1.4567657
2011-07-18,1.4428787
2011-07-19,1.6559124
2011-07-20,1.5544789
2011-07-21,1.2057915
2011-07-22,0.9458629
2011-07-23,0.8855263
2011-07-24,0.8190247
2011-07-25,0.8187946
2011-07-26,0.9664798
2011-07-27,0.8601946
2011-07-28,0.84700453
2011-07-29,0.8429074
2011-07-30,0.9572729
2011-07-31,1.1518974
2011-08-01,1.3221213
2011-08-02,1.4861352
2011-08-03,1.6951547
2011-08-04,1.822472
2011-08-05,2.0057673
2011-08-06,1.7300837
2011-08-07,1.4976044
2011-08-08,1.2890222
2011-08-09,1.0752754
2011-08-10,1.1562449
2011-08-11,1.1025677
2011-08-12,0.9292403
2011-08-13,1.1969628
2011-08-14,1.3415046
2011-08-15,1.1400313
2011-08-16,1.232007
2011-08-17,1.6149119
2011-08-18,1.8331821
2011-08-19,1.7241855
2011-08-20,1.8102989
2011-08-21,1.8712132
2011-08-22,2.0623693
2011-08-23,1.9482551
2011-08-24,1.4859737
2011-08-25,1.3655572
2011-08-26,1.4825785
2011-08-27,1.4978061
2011-08-28,1.4068785
2011-08-29,1.3084567
2011-08-30,1.469389
2011-08-31,1.5392925
2011-09-01,1.5933971
2011-09-02,1.731354
2011-09-03,1.8706319
2011-09-04,2.0462804
2011-09-05,2.113291
2011-09-06,1.8342786
2011-09-07,1.4241529
2011-09-08,1.1443369
2011-09-09,1.1082685
2011-09-10,1.0111012
2011-09-11,0.9424739
2011-09-12,1.1658306
2011-09-13,1.394659
2011-09-14,1.3687468
2011-09-15,1.1464317
2011-09-16,1.155655
2011-09-17,1.2782481
2011-09-18,1.2522012
2011-09-19,1.2419419
2011-09-20,1.0645574
2011-09-21,0.7690825
2011-09-22,0.8486514
2011-09-23,0.8309983
2011-09-24,0.8014107
2011-09-25,0.7975832
2011-09-26,0.86132574
2011-09-27,1.0441451
2011-09-28,1.2969222
2011-09-29,1.488395
2011-09-30,1.3781021
2011-10-01,1.1854446
2011-10-02,1.1979808
2011-10-03,1.1921377
2011-10-04,1.2677851
2011-10-05,1.3114768
2011-10-06,1.3006698
2011-10-07,1.1647666
2011-10-08,1.1380033
2011-10-09,1.037807
2011-10-10,1.061199
2011-10-11,1.0373441
2011-10-12,1.2174814
2011-10-13,1.3450977
2011-10-14,1.3740184
2011-10-15,1.3832657
2011-10-16,1.1176951
2011-10-17,1.0100378
2011-10-18,0.47416046
2011-10-19,0.45487306
2011-10-20,0.6461203
2011-10-21,0.8091116
2011-10-22,0.873174
2011-10-23,0.9555588
2011-10-24,0.9241848
2011-10-25,0.92070234
2011-10-26,0.94337213
2011-10-27,0.9378114
2011-10-28,0.9813962
2011-10-29,1.0710981
2011-10-30,1.0566592
2011-10-31,0.9228753
2011-11-01,0.4236517
2011-11-02,0.36032152
2011-11-03,0.55448616
2011-11-04,0.6249965
2011-11-05,0.72413945
2011-11-06,0.8114219
2011-11-07,0.7642833
2011-11-08,0.80948496
2011-11-09,0.8497219
2011-11-10,0.89904755
2011-11-11,0.9766365
2011-11-12,0.9671477
2011-11-13,0.8860111
2011-11-14,0.83638364
2011-11-15,0.62829053
2011-11-16,0.6295892
2011-11-17,0.6566256
2011-11-18,0.7401035
2011-11-19,0.7098299
2011-11-20,0.7400007
2011-11-21,0.67788696
2011-11-22,0.73194987
2011-11-23,0.8578587
2011-11-24,0.88980746
2011-11-25,0.9048835
2011-11-26,1.1136333
2011-11-27,0.9385358
2011-11-28,0.9315803
2011-11-29,0.96890974
2011-11-30,0.7806901
2011-12-01,0.48841637
2011-12-02,0.79852533
2011-12-03,0.87947667
2011-12-04,0.5579388
2011-12-05,0.69288397
2011-12-06,0.663756
2011-12-07,0.55974686
2011-12-08,0.59190613
2011-12-09,0.43692055
2011-12-10,0.5126742
2011-12-11,0.668717
2011-12-12,0.7328485
2011-12-13,0.54651713
2011-12-14,0.6390464
2011-12-15,0.62768424
2011-12-16,0.7350407
2011-12-17,0.52031434
2011-12-18,0.46379158
2011-12-19,0.5195502
2011-12-20,0.44071257
2011-12-21,0.42983904
2011-12-22,0.50579816
2011-12-23,0.66681767
2011-12-24,0.7449118
2011-12-25,0.8047749
2011-12-26,0.65453756
2011-12-27,0.9173987
2011-12-28,0.76463276
2011-12-29,0.67167884
2011-12-30,0.6387415
2011-12-31,0.5808661
2012-01-01,0.46742293
2012-01-02,0.41469407
2012-01-03,0.46147692
2012-01-04,0.4317848
2012-01-05,0.47248372
2012-01-06,0.45591772
2012-01-07,0.4611252
2012-01-08,0.50300086
2012-01-09,0.54927146
2012-01-10,0.587986
2012-01-11,0.6300628
2012-01-12,0.4632852
2012-01-13,0.75980014
2012-01-14,0.88102806
2012-01-15,0.8911748
2012-01-16,0.85708916
2012-01-17,0.8198272
2012-01-18,0.57797295
2012-01-19,0.5221711
2012-01-20,0.7748308
2012-01-21,0.7790216
2012-01-22,0.78162944
2012-01-23,0.5776589
2012-01-24,0.6070389
2012-01-25,0.5438627
2012-01-26,0.6939534
2012-01-27,0.62316585
2012-01-28,0.44056925
2012-01-29,0.36296996
2012-01-30,0.36230516
2012-01-31,0.3673957
2012-02-01,0.43214908
2012-02-02,0.46509427
2012-02-03,0.5331539
2012-02-04,0.5547899
2012-02-05,0.55804574
2012-02-06,0.50997627
2012-02-07,0.4627539
2012-02-08,0.55781543
2012-02-09,0.55647093
2012-02-10,0.48123673
2012-02-11,0.38861263
2012-02-12,0.36774042
2012-02-13,0.28974614
2012-02-14,0.2600557
2012-02-15,0.35787278
2012-02-16,0.38462445
2012-02-17,0.42194355
2012-02-18,0.4620956
2012-02-19,0.54140997
2012-02-20,0.6237504
2012-02-21,0.66270834
2012-02-22,0.4111569
2012-02-23,0.3741641
2012-02-24,0.68700504
2012-02-25,0.36953285
2012-02-26,0.35220385
2012-02-27,0.40529597
2012-02-28,0.44418776
2012-02-29,0.57068944
2012-03-01,0.73247415
2012-03-02,0.5109029
2012-03-03,0.48557037
2012-03-04,0.5654514
2012-03-05,0.62426734
2012-03-06,0.6630012
2012-03-07,0.7728704
2012-03-08,0.9952804
2012-03-09,1.0224601
2012-03-10,0.78368706
2012-03-11,0.85089576
2012-03-12,0.85642236
2012-03-13,0.8313502
2012-03-14,0.7754801
2012-03-15,0.6892239
2012-03-16,0.61618114
2012-03-17,0.5644146
2012-03-18,0.6504825
2012-03-19,0.7876397
2012-03-20,0.7331602
2012-03-21,0.6746278
2012-03-22,0.6234399
2012-03-23,0.667017
2012-03-24,0.67791784
2012-03-25,0.74181736
2012-03-26,0.6022024
2012-03-27,0.52066535
2012-03-28,0.49351624
2012-03-29,0.4525472
2012-03-30,0.4380924
2012-03-31,0.36897725
2012-04-01,0.38455468
2012-04-02,0.41076076
2012-04-03,0.4011333
2012-04-04,0.4468156
2012-04-05,0.42774177
2012-04-06,0.5101321
2012-04-07,0.5645556
2012-04-08,0.56300586
2012-04-09,0.5554565
2012-04-10,0.47217155
2012-04-11,0.51333934
2012-04-12,0.4866237
2012-04-13,0.28209203
2012-04-14,0.307065
2012-04-15,0.36008924
2012-04-16,0.43940496
2012-04-17,0.43718088
2012-04-18,0.44865125
2012-04-19,0.47845083
2012-04-20,0.5223297
2012-04-21,0.5164632
2012-04-22,0.41085124
2012-04-23,0.4260362
2012-04-24,0.47120535
2012-04-25,0.4471838
2012-04-26,0.42400628
2012-04-27,0.48319006
2012-04-28,0.5620578
2012-04-29,0.59375155
2012-04-30,0.61728
2012-05-01,0.48927003
2012-05-02,0.4369036
2012-05-03,0.4440894
2012-05-04,0.51661456
2012-05-05,0.52128565
2012-05-06,0.58444196
2012-05-07,0.65578854
2012-05-08,0.6803875
2012-05-09,0.6767454
2012-05-10,0.6928959
2012-05-11,0.655573
2012-05-12,0.48978353
2012-05-13,0.3896574
2012-05-14,0.34704095
2012-05-15,0.37676907
2012-05-16,0.51497495
2012-05-17,0.6239857
2012-05-18,0.64137995
2012-05-19,0.6131091
2012-05-20,0.57114995
2012-05-21,0.5594629
2012-05-22,0.617704
2012-05-23,0.619056
2012-05-24,0.6290254
2012-05-25,0.6984298
2012-05-26,0.740121
2012-05-27,0.7137383
2012-05-28,0.74891007
2012-05-29,0.83784413
2012-05-30,0.8065728
2012-05-31,0.7188014
2012-06-01,0.58777344
2012-06-02,0.60445607
2012-06-03,0.5909303
2012-06-04,0.6503211
2012-06-05,0.6750772
2012-06-06,0.6608001
2012-06-07,0.7219528
2012-06-08,0.9321734
2012-06-09,1.0137901
2012-06-10,0.8847612
2012-06-11,0.85167336
2012-06-12,0.8355597
2012-06-13,0.7686855
2012-06-14,0.7471297
2012-06-15,0.70639324
2012-06-16,0.65858716
2012-06-17,0.5982976
2012-06-18,0.51474863
2012-06-19,0.5369307
2012-06-20,0.677511
2012-06-21,0.85127103
2012-06-22,0.97519463
2012-06-23,1.0455478
2012-06-24,1.1310295
2012-06-25,1.1184974
2012-06-26,0.879989
2012-06-27,0.7321105
2012-06-28,0.72964764
2012-06-29,0.73589563
2012-06-30,0.7092091
2012-07-01,0.71057713
2012-07-02,0.70082915
2012-07-03,0.73704815
2012-07-04,0.8299273
2012-07-05,0.8893324
2012-07-06,0.9130324
2012-07-07,0.7168783
2012-07-08,0.77465
2012-07-09,0.8539404
2012-07-10,0.8621412
2012-07-11,0.80930734
2012-07-12,0.7909527
2012-07-13,0.69603086
2012-07-14,0.65739644
2012-07-15,0.62142926
2012-07-16,0.662426
2012-07-17,0.80563664
2012-07-18,0.9382873
2012-07-19,0.93992734
2012-07-20,0.95611835
2012-07-21,1.0075328
2012-07-22,1.2140808
2012-07-23,1.2812114
2012-07-24,1.307257
2012-07-25,1.3279939
2012-07-26,1.136169
2012-07-27,0.8468888
2012-07-28,0.79427856
2012-07-29,0.80357254
2012-07-30,0.64484715
2012-07-31,0.82350177
2012-08-01,1.117357
2012-08-02,1.1001475
2012-08-03,1.0453017
2012-08-04,1.1440573
2012-08-05,1.1889979
2012-08-06,1.2568321
2012-08-07,1.1830304
2012-08-08,0.9638022
2012-08-09,0.75933146
2012-08-10,0.62025726
2012-08-11,0.64687514
2012-08-12,0.941592
2012-08-13,1.0086378
2012-08-14,0.9752099
2012-08-15,0.8653172
2012-08-16,0.8499572
2012-08-17,0.8857653
2012-08-18,0.91395843
2012-08-19,1.056524
2012-08-20,1.0959046
2012-08-21,0.9888661
2012-08-22,1.0057266
2012-08-23,0.85200554
2012-08-24,0.8138586
2012-08-25,0.684632
2012-08-26,0.6052831
2012-08-27,0.55890536
2012-08-28,0.63572156
2012-08-29,0.80607015
2012-08-30,0.8821814
2012-08-31,0.8518598
2012-09-01,0.73954785
2012-09-02,0.76233876
2012-09-03,0.8428657
2012-09-04,1.021965
2012-09-05,1.1325684
2012-09-06,1.0016127
2012-09-07,0.66785204
2012-09-08,0.57519287
2012-09-09,0.5173934
2012-09-10,0.619275
2012-09-11,0.58673626
2012-09-12,0.7337108
2012-09-13,0.7694565
2012-09-14,0.826923
2012-09-15,0.84427905
2012-09-16,0.9878237
2012-09-17,1.0643396
2012-09-18,1.1774248
2012-09-19,1.1579411
2012-09-20,1.0354434
2012-09-21,0.9116564
2012-09-22,0.7757027
2012-09-23,0.6856371
2012-09-24,0.5551821
2012-09-25,0.64126945
2012-09-26,0.777771
2012-09-27,0.9127881
2012-09-28,0.8902375
2012-09-29,0.9750564
2012-09-30,1.0257856
2012-10-01,1.162602
2012-10-02,1.2528653
2012-10-03,0.6332909
2012-10-04,0.30469257
2012-10-05,0.32983366
2012-10-06,0.5433377
2012-10-07,0.7614508
2012-10-08,0.74307704
2012-10-09,0.66277367
2012-10-10,0.69626033
2012-10-11,0.6740252
2012-10-12,0.6588559
2012-10-13,0.59469914
2012-10-14,0.7560514
2012-10-15,0.975443
2012-10-16,0.98406434
2012-10-17,0.5876332
2012-10-18,0.809073
2012-10-19,0.9735556
2012-10-20,1.0070956
2012-10-21,1.1212922
2012-10-22,1.0928987
2012-10-23,0.8029796
2012-10-24,1.0509052
2012-10-25,0.96184754
2012-10-26,0.89136493
2012-10-27,0.86224616
2012-10-28,0.77797663
2012-10-29,0.81309426
2012-10-30,0.8740574
2012-10-31,0.8866002
2012-11-01,0.93583953
2012-11-02,0.9412739
2012-11-03,0.898425
2012-11-04,0.9497335
2012-11-05,0.9258805
2012-11-06,0.86464393
2012-11-07,0.84178185
2012-11-08,0.6991217
2012-11-09,0.66390073
2012-11-10,0.6275779
2012-11-11,0.61581564
2012-11-12,0.77044237
2012-11-13,0.6876521
2012-11-14,1.0889971
2012-11-15,1.064712
2012-11-16,1.1320691
2012-11-17,1.1878437
2012-11-18,1.1742425
2012-11-19,0.904727
2012-11-20,0.55638975
2012-11-21,0.6738678
2012-11-22,0.6451864
2012-11-23,0.64639175
2012-11-24,0.60219157
2012-11-25,0.68453825
2012-11-26,0.64507437
2012-11-27,0.63123006
2012-11-28,0.66215074
2012-11-29,0.74587
2012-11-30,0.8479254
2012-12-01,0.7615994
2012-12-02,0.6652634
2012-12-03,0.5834635
2012-12-04,0.53469425
2012-12-05,0.47402173
2012-12-06,0.3310223
2012-12-07,0.3971249
2012-12-08,0.60944337
2012-12-09,0.608313
2012-12-10,0.60266495
2012-12-11,0.7215923
2012-12-12,1.0057888
2012-12-13,0.90202737
2012-12-14,0.7706702
2012-12-15,0.6796001
2012-12-16,0.5757756
2012-12-17,1.0029888
2012-12-18,1.2639817
2012-12-19,0.7694304
2012-12-20,0.5843065
2012-12-21,0.4302494
2012-12-22,0.5071455
2012-12-23,0.5932505
2012-12-24,0.6664232
2012-12-25,0.6415498
2012-12-26,0.638459
2012-12-27,0.68658006
2012-12-28,0.809747
2012-12-29,0.7569735
2012-12-30,0.8246622
2012-12-31,0.94546777
2013-01-01,0.7350928
2013-01-02,0.66612804
2013-01-03,0.5392797
2013-01-04,0.5743075
2013-01-05,0.43105298
2013-01-06,0.5344138
2013-01-07,0.5804078
2013-01-08,0.5157206
2013-01-09,0.57409513
2013-01-10,0.66842663
2013-01-11,0.741477
2013-01-12,0.7130811
2013-01-13,0.6775459
2013-01-14,0.69992614
2013-01-15,0.6129916
2013-01-16,0.2904222
2013-01-17,0.2582072
2013-01-18,0.29006818
2013-01-19,0.25423342
2013-01-20,0.2198071
2013-01-21,0.2954549
2013-01-22,0.32168865
2013-01-23,0.42501253
2013-01-24,0.49044806
2013-01-25,0.48730797
2013-01-26,0.43683684
2013-01-27,0.54863286
2013-01-28,0.52957404
2013-01-29,0.31003693
2013-01-30,0.21314827
2013-01-31,0.33989066
2013-02-01,0.26589662
2013-02-02,0.23850861
2013-02-03,0.20481957
2013-02-04,0.21961087
2013-02-05,0.3343175
2013-02-06,0.17264916
2013-02-07,0.28888553
2013-02-08,0.31651378
2013-02-09,0.36151272
2013-02-10,0.42745906
2013-02-11,0.4741904
2013-02-12,0.5335673
2013-02-13,0.5742917
2013-02-14,0.38511992
2013-02-15,0.27856094
2013-02-16,0.29812595
2013-02-17,0.37023866
2013-02-18,0.38686582
2013-02-19,0.38223094
2013-02-20,0.30658355
2013-02-21,0.30112302
2013-02-22,0.32489282
2013-02-23,0.46740997
2013-02-24,0.49788827
2013-02-25,0.43727192
2013-02-26,0.39215374
2013-02-27,0.26543254
2013-02-28,0.22689536
2013-03-01,0.27751324
2013-03-02,0.38899118
2013-03-03,0.34749323
2013-03-04,0.25545323
2013-03-05,0.3980048
2013-03-06,0.34590846
2013-03-07,0.32696283
2013-03-08,0.36890918
2013-03-09,0.50349855
2013-03-10,0.58329225
2013-03-11,0.5784985
2013-03-12,0.64978063
2013-03-13,0.5673404
2013-03-14,0.4559039
2013-03-15,0.40675142
2013-03-16,0.29566047
2013-03-17,0.23853013
2013-03-18,0.24259043
2013-03-19,0.29617834
2013-03-20,0.3156379
2013-03-21,0.33340853
2013-03-22,0.34018254
2013-03-23,0.3441097
2013-03-24,0.38933468
2013-03-25,0.4296173
2013-03-26,0.42575046
2013-03-27,0.51026773
2013-03-28,0.52369833
2013-03-29,0.5164934
2013-03-30,0.47489697
2013-03-31,0.39523178
2013-04-01,0.3714336
2013-04-02,0.32089734
2013-04-03,0.37205094
2013-04-04,0.30788022
2013-04-05,0.3769314
2013-04-06,0.5778031
2013-04-07,0.63667005
2013-04-08,0.5922419
2013-04-09,0.6829338
2013-04-10,0.7303443
2013-04-11,0.7325454
2013-04-12,0.73218596
2013-04-13,0.68810225
2013-04-14,0.6572795
2013-04-15,0.5252921
2013-04-16,0.52173257
2013-04-17,0.45186666
2013-04-18,0.41023022
2013-04-19,0.4547748
2013-04-20,0.52443385
2013-04-21,0.4697765
2013-04-22,0.49839497
2013-04-23,0.57554984
2013-04-24,0.5452318
2013-04-25,0.54301655
2013-04-26,0.5745636
2013-04-27,0.7205083
2013-04-28,0.73843694
2013-04-29,0.8003833
2013-04-30,0.8224133
2013-05-01,0.8467318
2013-05-02,0.6524726
2013-05-03,0.53553957
2013-05-04,0.5964004
2013-05-05,0.6263733
2013-05-06,0.7195517
2013-05-07,0.70723826
2013-05-08,0.764451
2013-05-09,0.7687137
2013-05-10,0.7874294
2013-05-11,0.76601845
2013-05-12,0.8036171
2013-05-13,0.76482916
2013-05-14,0.7280351
2013-05-15,0.70029795
2013-05-16,0.671263
2013-05-17,0.59825766
2013-05-18,0.5850949
2013-05-19,0.656079
2013-05-20,0.62297595
2013-05-21,0.5929016
2013-05-22,0.6054784
2013-05-23,0.6426048
2013-05-24,0.6628672
2013-05-25,0.74167895
2013-05-26,1.1685183
2013-05-27,1.0957191
2013-05-28,1.3170552
2013-05-29,1.3336653
2013-05-30,1.1972716
2013-05-31,1.2328649
2013-06-01,1.2995131
2013-06-02,1.378964
2013-06-03,1.222889
2013-06-04,1.1905466
2013-06-05,1.2325544
2013-06-06,1.271651
2013-06-07,1.227407
2013-06-08,1.2391791
2013-06-09,1.1787531
2013-06-10,1.2508907
2013-06-11,1.3267677
2013-06-12,1.4961047
2013-06-13,1.5436575
2013-06-14,1.3264315
2013-06-15,1.0547366
2013-06-16,1.0193329
2013-06-17,0.93536603
2013-06-18,0.7908041
2013-06-19,0.7259822
2013-06-20,0.99546397
2013-06-21,1.410353
2013-06-22,1.3616126
2013-06-23,1.3916147
2013-06-24,1.4693882
2013-06-25,1.4696014
2013-06-26,1.4756036
2013-06-27,1.5313053
2013-06-28,1.5600669
2013-06-29,1.5341508
2013-06-30,1.5147362
2013-07-01,1.2171323
2013-07-02,0.9739659
2013-07-03,1.7186339
2013-07-04,1.8065593
2013-07-05,1.6998992
2013-07-06,1.9705398
2013-07-07,1.7530975
2013-07-08,1.6170366
2013-07-09,1.6765896
2013-07-10,1.4537477
2013-07-11,1.4209251
2013-07-12,1.4334624
2013-07-13,1.7026587
2013-07-14,1.6799104
2013-07-15,1.8996389
2013-07-16,1.8043127
2013-07-17,1.3661575
2013-07-18,1.1657896
2013-07-19,1.1726929
2013-07-20,1.15381
2013-07-21,1.0966885
2013-07-22,1.0611032
2013-07-23,1.2237346
2013-07-24,1.1987194
2013-07-25,1.316313
2013-07-26,1.5106397
2013-07-27,1.5534602
2013-07-28,1.6276269
2013-07-29,1.7555903
2013-07-30,1.7391366
2013-07-31,1.5760194
2013-08-01,1.4039099
2013-08-02,1.2898892
2013-08-03,1.1650748
2013-08-04,1.0674787
2013-08-05,1.05041
2013-08-06,0.9968397
2013-08-07,1.0879042
2013-08-08,1.1011899
2013-08-09,1.1033846
2013-08-10,1.1569657
2013-08-11,1.2726841
2013-08-12,1.3676128
2013-08-13,1.2363987
2013-08-14,1.1691242
2013-08-15,0.982226
2013-08-16,0.95113134
2013-08-17,0.960426
2013-08-18,0.95690227
2013-08-19,1.0454749
2013-08-20,1.1054873
2013-08-21,1.0809543
2013-08-22,1.1504405
2013-08-23,1.3186865
2013-08-24,1.5214164
2013-08-25,1.4601681
2013-08-26,1.1981007
2013-08-27,1.1802415
2013-08-28,1.096674
2013-08-29,1.0089889
2013-08-30,0.92295754
2013-08-31,0.7940296
2013-09-01,0.7635404
2013-09-02,0.8014318
2013-09-03,0.8932799
2013-09-04,0.945927
2013-09-05,1.0551865
2013-09-06,1.2655361
2013-09-07,1.4444976
2013-09-08,1.4685799
2013-09-09,1.6225216
2013-09-10,1.5197899
2013-09-11,1.4529804
2013-09-12,1.0927919
2013-09-13,0.7459953
2013-09-14,0.92364776
2013-09-15,0.77034974
2013-09-16,0.89768136
2013-09-17,1.1280413
2013-09-18,1.2207088
2013-09-19,1.1828744
2013-09-20,1.268384
2013-09-21,1.0610247
2013-09-22,1.2410431
2013-09-23,1.3451221
2013-09-24,1.3365812
2013-09-25,0.9839612
2013-09-26,0.77576244
2013-09-27,0.7382937
2013-09-28,0.6798327
2013-09-29,0.7323448
2013-09-30,0.7985953
2013-10-01,0.77184284
2013-10-02,0.7915021
2013-10-03,0.891797
2013-10-04,0.9427892
2013-10-05,1.0431758
2013-10-06,1.1271734
2013-10-07,1.1958355
2013-10-08,1.1191359
2013-10-09,1.1759915
2013-10-10,1.2355256
2013-10-11,1.1650686
2013-10-12,0.7772001
2013-10-13,0.81741846
2013-10-14,0.7414196
2013-10-15,0.70698225
2013-10-16,0.7837132
2013-10-17,0.99334973
2013-10-18,1.3063948
2013-10-19,1.4769127
2013-10-20,1.6814201
2013-10-21,1.7264701
2013-10-22,1.7401298
2013-10-23,1.4255223
2013-10-24,0.9012251
2013-10-25,0.7237582
2013-10-26,0.8518609
2013-10-27,0.7452529
2013-10-28,0.8521048
2013-10-29,0.9005524
2013-10-30,0.864223
2013-10-31,0.99270725
2013-11-01,1.1629293
2013-11-02,1.070057
2013-11-03,0.9474853
2013-11-04,1.0249816
2013-11-05,1.1448953
2013-11-06,0.9729266
2013-11-07,0.96117735
2013-11-08,0.89347386
2013-11-09,0.97294295
2013-11-10,1.1776949
2013-11-11,1.0074189
2013-11-12,0.7392298
2013-11-13,0.69212306
2013-11-14,0.8117285
2013-11-15,0.90413046
2013-11-16,0.9654006
2013-11-17,0.9603805
2013-11-18,0.7318628
2013-11-19,0.7387041
2013-11-20,0.6926432
2013-11-21,0.87220645
2013-11-22,0.88064754
2013-11-23,1.0338763
2013-11-24,0.8882607
2013-11-25,0.6922395
2013-11-26,0.7546266
2013-11-27,0.91648316
2013-11-28,0.94923985
2013-11-29,1.4099383
2013-11-30,1.9071126
2013-12-01,1.9205009
2013-12-02,1.3502367
2013-12-03,1.1177585
2013-12-04,0.98468125
2013-12-05,1.1480842
2013-12-06,1.3640783
2013-12-07,1.1347528
2013-12-08,1.0584553
2013-12-09,1.0260136
2013-12-10,0.9076499
2013-12-11,0.9344655
2013-12-12,0.98587185
2013-12-13,1.0006138
2013-12-14,0.9178041
2013-12-15,0.9031561
2013-12-16,0.91221106
2013-12-17,0.7677692
2013-12-18,0.4453389
2013-12-19,0.36635724
2013-12-20,0.3213178
2013-12-21,0.43580708
2013-12-22,0.54248023
2013-12-23,0.59143984
2013-12-24,0.4692611
2013-12-25,0.44970042
2013-12-26,0.2525882
2013-12-27,0.5331794
2013-12-28,0.5169858
2013-12-29,0.52993906
2013-12-30,0.65627265
2013-12-31,0.6098703
