time,current_speed
2011-01-01,0.28375682
2011-01-02,0.3168502
2011-01-03,0.3516059
2011-01-04,0.38022178
2011-01-05,0.40623656
2011-01-06,0.41823184
2011-01-07,0.40868333
2011-01-08,0.40041375
2011-01-09,0.38012496
2011-01-10,0.35916913
2011-01-11,0.35617074
2011-01-12,0.30518287
2011-01-13,0.29332805
2011-01-14,0.2918349
2011-01-15,0.28409106
2011-01-16,0.22657947
2011-01-17,0.2638189
2011-01-18,0.26776204
2011-01-19,0.3007872
2011-01-20,0.32377088
2011-01-21,0.32888222
2011-01-22,0.3381328
2011-01-23,0.33818358
2011-01-24,0.31407648
2011-01-25,0.30592763
2011-01-26,0.30550957
2011-01-27,0.30016977
2011-01-28,0.29892197
2011-01-29,0.27711737
2011-01-30,0.2668628
2011-01-31,0.2915622
2011-02-01,0.32602337
2011-02-02,0.34966862
2011-02-03,0.37478483
2011-02-04,0.39687213
2011-02-05,0.38880402
2011-02-06,0.38048005
2011-02-07,0.38704407
2011-02-08,0.36067885
2011-02-09,0.32381463
2011-02-10,0.26971903
2011-02-11,0.23770203
2011-02-12,0.22084269
2011-02-13,0.23664147
2011-02-14,0.23128302
2011-02-15,0.25128627
2011-02-16,0.27644897
2011-02-17,0.2942509
2011-02-18,0.3081035
2011-02-19,0.3467037
2011-02-20,0.3640971
2011-02-21,0.38272408
2011-02-22,0.39995086
2011-02-23,0.3955143
2011-02-24,0.37129873
2011-02-25,0.33965904
2011-02-26,0.3066399
2011-02-27,0.29972333
2011-02-28,0.33929914
2011-03-01,0.2847307
2011-03-02,0.34291807
2011-03-03,0.35791832
2011-03-04,0.3738572
2011-03-05,0.419479
2011-03-06,0.4100441
2011-03-07,0.41018173
2011-03-08,0.43253642
2011-03-09,0.41293323
2011-03-10,0.3838055
2011-03-11,0.37079382
2011-03-12,0.3412805
2011-03-13,0.28566688
2011-03-14,0.239369
2011-03-15,0.21810591
2011-03-16,0.2469208
2011-03-17,0.35795882
2011-03-18,0.36065426
2011-03-19,0.3725503
2011-03-20,0.3778268
2011-03-21,0.47977135
2011-03-22,0.46472365
2011-03-23,0.5093857
2011-03-24,0.5034386
2011-03-25,0.4748928
2011-03-26,0.4628442
2011-03-27,0.43308836
2011-03-28,0.3659775
2011-03-29,0.47545666
2011-03-30,0.36182505
2011-03-31,0.42519033
2011-04-01,0.49314672
2011-04-02,0.4620633
2011-04-03,0.43280104
2011-04-04,0.43379042
2011-04-05,0.45673418
2011-04-06,0.4594712
2011-04-07,0.43258065
2011-04-08,0.42016625
2011-04-09,0.41567641
2011-04-10,0.4546788
2011-04-11,0.37329078
2011-04-12,0.3908398
2011-04-13,0.38745108
2011-04-14,0.3207971
2011-04-15,0.30296126
2011-04-16,0.33392295
2011-04-17,0.3628482
2011-04-18,0.43656594
2011-04-19,0.4601373
2011-04-20,0.5534445
2011-04-21,0.6193873
2011-04-22,0.5681057
2011-04-23,0.5088471
2011-04-24,0.44944742
2011-04-25,0.37910816
2011-04-26,0.30512524
2011-04-27,0.26144427
2011-04-28,0.24758047
2011-04-29,0.3275093
2011-04-30,0.39264768
2011-05-01,0.43566656
2011-05-02,0.4199249
2011-05-03,0.42055154
2011-05-04,0.3879481
2011-05-05,0.3787806
2011-05-06,0.3749492
2011-05-07,0.35200712
2011-05-08,0.3400703
2011-05-09,0.283544
2011-05-10,0.27002794
2011-05-11,0.28614148
2011-05-12,0.25971395
2011-05-13,0.1908345
2011-05-14,0.2422695
2011-05-15,0.32165295
2011-05-16,0.34135002
2011-05-17,0.38621467
2011-05-18,0.4333527
2011-05-19,0.4668836
2011-05-20,0.45657218
2011-05-21,0.45447016
2011-05-22,0.4423461
2011-05-23,0.46644193
2011-05-24,0.38092816
2011-05-25,0.38361114
2011-05-26,0.33091733
2011-05-27,0.29219383
2011-05-28,0.30684674
2011-05-29,0.33424896
2011-05-30,0.34475154
2011-05-31,0.3755977
2011-06-01,0.42034146
2011-06-02,0.40531313
2011-06-03,0.39583468
2011-06-04,0.42656112
2011-06-05,0.42905876
2011-06-06,0.37047946
2011-06-07,0.27216133
2011-06-08,0.23073795
2011-06-09,0.21481508
2011-06-10,0.2158533
2011-06-11,0.21010561
2011-06-12,0.2893975
2011-06-13,0.32923067
2011-06-14,0.3653972
2011-06-15,0.4438546
2011-06-16,0.44262898
2011-06-17,0.44088334
2011-06-18,0.4593501
2011-06-19,0.46227068
2011-06-20,0.4633396
2011-06-21,0.47198802
2011-06-22,0.4223538
2011-06-23,0.37142515
2011-06-24,0.33104515
2011-06-25,0.35696223
2011-06-26,0.34180987
2011-06-27,0.35537696
2011-06-28,0.3212935
2011-06-29,0.32906428
2011-06-30,0.3327958
2011-07-01,0.33950865
2011-07-02,0.33900213
2011-07-03,0.3368299
2011-07-04,0.34478715
2011-07-05,0.34578973
2011-07-06,0.37138027
2011-07-07,0.3480453
2011-07-08,0.32001302
2011-07-09,0.29713607
2011-07-10,0.26591492
2011-07-11,0.2863245
2011-07-12,0.31121346
2011-07-13,0.35699672
2011-07-14,0.37733048
2011-07-15,0.39829743
2011-07-16,0.4169936
2011-07-17,0.42031705
2011-07-18,0.41738155
2011-07-19,0.3888833
2011-07-20,0.36257175
2011-07-21,0.34212524
2011-07-22,0.29897666
2011-07-23,0.2654506
2011-07-24,0.25830156
2011-07-25,0.24917676
2011-07-26,0.25492054
2011-07-27,0.27391332
2011-07-28,0.2956704
2011-07-29,0.33438262
2011-07-30,0.31081164
2011-07-31,0.31690946
2011-08-01,0.317519
2011-08-02,0.31929153
2011-08-03,0.31432936
2011-08-04,0.3437814
2011-08-05,0.3887171
2011-08-06,0.34607363
2011-08-07,0.31064034
2011-08-08,0.30151457
2011-08-09,0.28196982
2011-08-10,0.27360588
2011-08-11,0.31418037
2011-08-12,0.34692043
2011-08-13,0.3705467
2011-08-14,0.38049525
2011-08-15,0.42476612
2011-08-16,0.4216242
2011-08-17,0.44306713
2011-08-18,0.42739004
2011-08-19,0.39964363
2011-08-20,0.35183266
2011-08-21,0.29796803
2011-08-22,0.25563216
2011-08-23,0.24651536
2011-08-24,0.24168484
2011-08-25,0.24839611
2011-08-26,0.24941224
2011-08-27,0.26730835
2011-08-28,0.28148806
2011-08-29,0.30443358
2011-08-30,0.31141645
2011-08-31,0.32758158
2011-09-01,0.3419205
2011-09-02,0.36755767
2011-09-03,0.35141426
2011-09-04,0.33127758
2011-09-05,0.32589749
2011-09-06,0.30556303
2011-09-07,0.29379475
2011-09-08,0.2898872
2011-09-09,0.30911392
2011-09-10,0.32514012
2011-09-11,0.37225544
2011-09-12,0.37193376
2011-09-13,0.39580917
2011-09-14,0.4079799
2011-09-15,0.3936221
2011-09-16,0.38261735
2011-09-17,0.3517835
2011-09-18,0.34334993
2011-09-19,0.28781995
2011-09-20,0.2803883
2011-09-21,0.23195313
2011-09-22,0.22357276
2011-09-23,0.21154317
2011-09-24,0.21312758
2011-09-25,0.26169604
2011-09-26,0.2751565
2011-09-27,0.3598384
2011-09-28,0.39809397
2011-09-29,0.46733102
2011-09-30,0.4291094
2011-10-01,0.4109915
2011-10-02,0.4005995
2011-10-03,0.3667846
2011-10-04,0.3506964
2011-10-05,0.32214528
2011-10-06,0.29999357
2011-10-07,0.29203814
2011-10-08,0.30033547
2011-10-09,0.30839497
2011-10-10,0.3224935
2011-10-11,0.3638546
2011-10-12,0.3802274
2011-10-13,0.38700178
2011-10-14,0.41887286
2011-10-15,0.41760838
2011-10-16,0.35907578
2011-10-17,0.34005496
2011-10-18,0.28774077
2011-10-19,0.24777591
2011-10-20,0.21626163
2011-10-21,0.19494438
2011-10-22,0.19414932
2011-10-23,0.22007218
2011-10-24,0.2557779
2011-10-25,0.29871064
2011-10-26,0.31552935
2011-10-27,0.3404772
2011-10-28,0.36744696
2011-10-29,0.40036607
2011-10-30,0.4209796
2011-10-31,0.4170568
2011-11-01,0.40566498
2011-11-02,0.37727982
2011-11-03,0.33418947
2011-11-04,0.2865547
2011-11-05,0.26492032
2011-11-06,0.279634
2011-11-07,0.3085357
2011-11-08,0.3055479
2011-11-09,0.3313922
2011-11-10,0.3579327
2011-11-11,0.37317798
2011-11-12,0.38029334
2011-11-13,0.37953973
2011-11-14,0.3448931
2011-11-15,0.3189705
2011-11-16,0.28333434
2011-11-17,0.28723672
2011-11-18,0.24607037
2011-11-19,0.20144576
2011-11-20,0.18265197
2011-11-21,0.22964194
2011-11-22,0.2479599
2011-11-23,0.3247064
2011-11-24,0.34514484
2011-11-25,0.3529011
2011-11-26,0.3708549
2011-11-27,0.40175146
2011-11-28,0.42345762
2011-11-29,0.419656
2011-11-30,0.40788364
2011-12-01,0.38228416
2011-12-02,0.3403932
2011-12-03,0.29612446
2011-12-04,0.26428562
2011-12-05,0.2874232
2011-12-06,0.32413727
2011-12-07,0.30696213
2011-12-08,0.36795273
2011-12-09,0.34026158
2011-12-10,0.34775275
2011-12-11,0.37926245
2011-12-12,0.35352492
2011-12-13,0.3369908
2011-12-14,0.30098122
2011-12-15,0.28088507
2011-12-16,0.2617259
2011-12-17,0.26042336
2011-12-18,0.2791337
2011-12-19,0.26871312
2011-12-20,0.3058497
2011-12-21,0.22706805
2011-12-22,0.28912517
2011-12-23,0.39464176
2011-12-24,0.35222882
2011-12-25,0.37302965
2011-12-26,0.4134118
2011-12-27,0.4439729
2011-12-28,0.43778878
2011-12-29,0.41058493
2011-12-30,0.39250177
2011-12-31,0.3941591
2012-01-01,0.3347127
2012-01-02,0.29035413
2012-01-03,0.26667732
2012-01-04,0.2773304
2012-01-05,0.28807873
2012-01-06,0.32320634
2012-01-07,0.33357316
2012-01-08,0.32718605
2012-01-09,0.32866165
2012-01-10,0.33391
2012-01-11,0.32705596
2012-01-12,0.32152683
2012-01-13,0.3172422
2012-01-14,0.3050717
2012-01-15,0.27210474
2012-01-16,0.28451055
2012-01-17,0.3075916
2012-01-18,0.28658986
2012-01-19,0.28723082
2012-01-20,0.26685008
2012-01-21,0.30435833
2012-01-22,0.3542502
2012-01-23,0.37335166
2012-01-24,0.40749174
2012-01-25,0.42275774
2012-01-26,0.42694485
2012-01-27,0.41668725
2012-01-28,0.39302742
2012-01-29,0.3666144
2012-01-30,0.34776014
2012-01-31,0.33093214
2012-02-01,0.29917085
2012-02-02,0.2838779
2012-02-03,0.284899
2012-02-04,0.25637257
2012-02-05,0.27950922
2012-02-06,0.30610234
2012-02-07,0.3167072
2012-02-08,0.32454318
2012-02-09,0.33172888
2012-02-10,0.33225432
2012-02-11,0.33588362
2012-02-12,0.3339407
2012-02-13,0.3262985
2012-02-14,0.33816445
2012-02-15,0.31864366
2012-02-16,0.30999488
2012-02-17,0.2885779
2012-02-18,0.27871627
2012-02-19,0.34002963
2012-02-20,0.37200052
2012-02-21,0.37923124
2012-02-22,0.4128862
2012-02-23,0.42722294
2012-02-24,0.4342463
2012-02-25,0.43325788
2012-02-26,0.4253111
2012-02-27,0.4014844
2012-02-28,0.36247295
2012-02-29,0.39850044
2012-03-01,0.37492636
2012-03-02,0.3504739
2012-03-03,0.31304568
2012-03-04,0.24296594
2012-03-05,0.24600454
2012-03-06,0.26688218
2012-03-07,0.29996338
2012-03-08,0.33964747
2012-03-09,0.32453147
2012-03-10,0.3328064
2012-03-11,0.3500355
2012-03-12,0.39529434
2012-03-13,0.41571265
2012-03-14,0.41793352
2012-03-15,0.38672197
2012-03-16,0.31313342
2012-03-17,0.27347797
2012-03-18,0.27338952
2012-03-19,0.26614004
2012-03-20,0.30393296
2012-03-21,0.35168666
2012-03-22,0.40717733
2012-03-23,0.44731462
2012-03-24,0.45599312
2012-03-25,0.46351248
2012-03-26,0.42305326
2012-03-27,0.38546878
2012-03-28,0.3473662
2012-03-29,0.29546663
2012-03-30,0.25719824
2012-03-31,0.2993278
2012-04-01,0.24419062
2012-04-02,0.2208763
2012-04-03,0.22783095
2012-04-04,0.25581098
2012-04-05,0.3142708
2012-04-06,0.34041008
2012-04-07,0.3756992
2012-04-08,0.3962698
2012-04-09,0.39059186
2012-04-10,0.40154827
2012-04-11,0.40578926
2012-04-12,0.43734002
2012-04-13,0.40220636
2012-04-14,0.31857598
2012-04-15,0.3170454
2012-04-16,0.38510132
2012-04-17,0.3052415
2012-04-18,0.40453118
2012-04-19,0.5031563
2012-04-20,0.46672338
2012-04-21,0.47560054
2012-04-22,0.46259212
2012-04-23,0.44771808
2012-04-24,0.49328533
2012-04-25,0.46528673
2012-04-26,0.4180978
2012-04-27,0.41757753
2012-04-28,0.34650928
2012-04-29,0.24450782
2012-04-30,0.2199063
2012-05-01,0.20118725
2012-05-02,0.2298604
2012-05-03,0.25268066
2012-05-04,0.28552037
2012-05-05,0.35224146
2012-05-06,0.422692
2012-05-07,0.44406283
2012-05-08,0.50534534
2012-05-09,0.4843403
2012-05-10,0.49086106
2012-05-11,0.48127866
2012-05-12,0.4642495
2012-05-13,0.39924645
2012-05-14,0.34112453
2012-05-15,0.2656269
2012-05-16,0.2980811
2012-05-17,0.34843838
2012-05-18,0.4068693
2012-05-19,0.4409839
2012-05-20,0.42819983
2012-05-21,0.42979005
2012-05-22,0.40353093
2012-05-23,0.42230865
2012-05-24,0.419178
2012-05-25,0.40415198
2012-05-26,0.3224005
2012-05-27,0.25118837
2012-05-28,0.20519373
2012-05-29,0.17045556
2012-05-30,0.17364605
2012-05-31,0.17183785
2012-06-01,0.21482852
2012-06-02,0.33397374
2012-06-03,0.32582152
2012-06-04,0.3808634
2012-06-05,0.44758672
2012-06-06,0.41981062
2012-06-07,0.43014383
2012-06-08,0.41491944
2012-06-09,0.43835425
2012-06-10,0.40568012
2012-06-11,0.36530265
2012-06-12,0.2879793
2012-06-13,0.24377507
2012-06-14,0.2515669
2012-06-15,0.30307284
2012-06-16,0.35358486
2012-06-17,0.39595312
2012-06-18,0.40699553
2012-06-19,0.4013754
2012-06-20,0.38025397
2012-06-21,0.3930299
2012-06-22,0.40059924
2012-06-23,0.35847425
2012-06-24,0.32482448
2012-06-25,0.28302902
2012-06-26,0.27304155
2012-06-27,0.26065767
2012-06-28,0.26138616
2012-06-29,0.24898754
2012-06-30,0.24217543
2012-07-01,0.26608416
2012-07-02,0.3076789
2012-07-03,0.3514485
2012-07-04,0.38397658
2012-07-05,0.41472885
2012-07-06,0.42413804
2012-07-07,0.42001805
2012-07-08,0.40104264
2012-07-09,0.38334027
2012-07-10,0.35774586
2012-07-11,0.38648042
2012-07-12,0.37427485
2012-07-13,0.34606862
2012-07-14,0.2701829
2012-07-15,0.30694944
2012-07-16,0.335195
2012-07-17,0.35545522
2012-07-18,0.3436185
2012-07-19,0.3428948
2012-07-20,0.3295696
2012-07-21,0.32969448
2012-07-22,0.31915247
2012-07-23,0.31605065
2012-07-24,0.28562018
2012-07-25,0.28539544
2012-07-26,0.2739408
2012-07-27,0.27606943
2012-07-28,0.29602212
2012-07-29,0.2810064
2012-07-30,0.3361551
2012-07-31,0.3696305
2012-08-01,0.3553293
2012-08-02,0.37366176
2012-08-03,0.39806974
2012-08-04,0.40440246
2012-08-05,0.40782928
2012-08-06,0.4164807
2012-08-07,0.4206659
2012-08-08,0.39051938
2012-08-09,0.35958678
2012-08-10,0.3140671
2012-08-11,0.2665997
2012-08-12,0.2788667
2012-08-13,0.28601438
2012-08-14,0.28901976
2012-08-15,0.30584237
2012-08-16,0.35060805
2012-08-17,0.33511284
2012-08-18,0.34087348
2012-08-19,0.34715796
2012-08-20,0.3463804
2012-08-21,0.34967378
2012-08-22,0.3261947
2012-08-23,0.33057386
2012-08-24,0.26721737
2012-08-25,0.25663906
2012-08-26,0.25864762
2012-08-27,0.29732698
2012-08-28,0.291295
2012-08-29,0.34264952
2012-08-30,0.34055322
2012-08-31,0.36984372
2012-09-01,0.38644063
2012-09-02,0.4006499
2012-09-03,0.40848416
2012-09-04,0.40552223
2012-09-05,0.39083445
2012-09-06,0.40976518
2012-09-07,0.40183032
2012-09-08,0.33820114
2012-09-09,0.2901098
2012-09-10,0.25265914
2012-09-11,0.27450138
2012-09-12,0.3124639
2012-09-13,0.29646754
2012-09-14,0.30004972
2012-09-15,0.29650486
2012-09-16,0.3070344
2012-09-17,0.32044482
2012-09-18,0.33595392
2012-09-19,0.3498485
2012-09-20,0.34260446
2012-09-21,0.316499
2012-09-22,0.32879367
2012-09-23,0.3841355
2012-09-24,0.33027756
2012-09-25,0.2768566
2012-09-26,0.27761942
2012-09-27,0.30237174
2012-09-28,0.32428563
2012-09-29,0.36555925
2012-09-30,0.39193135
2012-10-01,0.40897813
2012-10-02,0.42644322
2012-10-03,0.4154056
2012-10-04,0.40256333
2012-10-05,0.42336807
2012-10-06,0.37155506
2012-10-07,0.30267283
2012-10-08,0.2607814
2012-10-09,0.24907643
2012-10-10,0.27897274
2012-10-11,0.27673
2012-10-12,0.28098887
2012-10-13,0.32240438
2012-10-14,0.26435703
2012-10-15,0.28885174
2012-10-16,0.3423389
2012-10-17,0.33299416
2012-10-18,0.3477499
2012-10-19,0.3617009
2012-10-20,0.37213814
2012-10-21,0.4357894
2012-10-22,0.36961132
2012-10-23,0.32942626
2012-10-24,0.26536244
2012-10-25,0.26020974
2012-10-26,0.29437393
2012-10-27,0.30864754
2012-10-28,0.3427537
2012-10-29,0.3726403
2012-10-30,0.39995608
2012-10-31,0.4270438
2012-11-01,0.41180187
2012-11-02,0.41236746
2012-11-03,0.37270755
2012-11-04,0.33255082
2012-11-05,0.3010632
2012-11-06,0.25643125
2012-11-07,0.24627659
2012-11-08,0.2754081
2012-11-09,0.23359074
2012-11-10,0.26085955
2012-11-11,0.24387527
2012-11-12,0.33202773
2012-11-13,0.35746354
2012-11-14,0.31806546
2012-11-15,0.3336817
2012-11-16,0.3604481
2012-11-17,0.38347858
2012-11-18,0.38674355
2012-11-19,0.3770966
2012-11-20,0.35101846
2012-11-21,0.31951824
2012-11-22,0.3123331
2012-11-23,0.31193125
2012-11-24,0.27966136
2012-11-25,0.30342165
2012-11-26,0.3179835
2012-11-27,0.36211288
2012-11-28,0.3856227
2012-11-29,0.39033175
2012-11-30,0.39003235
2012-12-01,0.38381767
2012-12-02,0.36831456
2012-12-03,0.32898787
2012-12-04,0.274315
2012-12-05,0.22293106
2012-12-06,0.2145341
2012-12-07,0.2548455
2012-12-08,0.18869257
2012-12-09,0.2102484
2012-12-10,0.20657365
2012-12-11,0.25255916
2012-12-12,0.28661332
2012-12-13,0.33073008
2012-12-14,0.35136843
2012-12-15,0.39245772
2012-12-16,0.40865725
2012-12-17,0.40387174
2012-12-18,0.3940786
2012-12-19,0.372501
2012-12-20,0.33564407
2012-12-21,0.31107706
2012-12-22,0.29095232
2012-12-23,0.2847185
2012-12-24,0.3078236
2012-12-25,0.30596834
2012-12-26,0.36234468
2012-12-27,0.38378403
2012-12-28,0.39021033
2012-12-29,0.37998268
2012-12-30,0.37193727
2012-12-31,0.3490997
2013-01-01,0.32773757
2013-01-02,0.2778959
2013-01-03,0.25247175
2013-01-04,0.29675746
2013-01-05,0.31711745
2013-01-06,0.24754018
2013-01-07,0.25152874
2013-01-08,0.24883
2013-01-09,0.30684716
2013-01-10,0.2967345
2013-01-11,0.31775445
2013-01-12,0.36779547
2013-01-13,0.4033672
2013-01-14,0.41736072
2013-01-15,0.42384487
2013-01-16,0.4103938
2013-01-17,0.38995957
2013-01-18,0.3653518
2013-01-19,0.348818
2013-01-20,0.32365185
2013-01-21,0.28720415
2013-01-22,0.29979315
2013-01-23,0.35270745
2013-01-24,0.34619743
2013-01-25,0.33925068
2013-01-26,0.34270954
2013-01-27,0.3562215
2013-01-28,0.36612028
2013-01-29,0.3349852
2013-01-30,0.32896602
2013-01-31,0.3028013
2013-02-01,0.27702916
2013-02-02,0.29670462
2013-02-03,0.26259446
2013-02-04,0.25788337
2013-02-05,0.25148782
2013-02-06,0.2484915
2013-02-07,0.298505
2013-02-08,0.33292913
2013-02-09,0.37295908
2013-02-10,0.38778883
2013-02-11,0.44236517
2013-02-12,0.4329594
2013-02-13,0.4301053
2013-02-14,0.43056923
2013-02-15,0.41703343
2013-02-16,0.4119687
2013-02-17,0.40328586
2013-02-18,0.37851596
2013-02-19,0.29968148
2013-02-20,0.34268415
2013-02-21,0.32277006
2013-02-22,0.32516146
2013-02-23,0.3310016
2013-02-24,0.34110665
2013-02-25,0.34415787
2013-02-26,0.35259724
2013-02-27,0.3689889
2013-02-28,0.41234913
2013-03-01,0.3789534
2013-03-02,0.36357713
2013-03-03,0.37036735
2013-03-04,0.36310816
2013-03-05,0.32192162
2013-03-06,0.22718772
2013-03-07,0.25656718
2013-03-08,0.30022687
2013-03-09,0.30668494
2013-03-10,0.34659183
2013-03-11,0.42015806
2013-03-12,0.4475376
2013-03-13,0.48710346
2013-03-14,0.4884397
2013-03-15,0.47153836
2013-03-16,0.42801934
2013-03-17,0.39477152
2013-03-18,0.37014285
2013-03-19,0.32803595
2013-03-20,0.29415116
2013-03-21,0.24613474
2013-03-22,0.2282665
2013-03-23,0.23504752
2013-03-24,0.2576381
2013-03-25,0.30081534
2013-03-26,0.36452383
2013-03-27,0.41253608
2013-03-28,0.4152724
2013-03-29,0.43820664
2013-03-30,0.45761332
2013-03-31,0.4552525
2013-04-01,0.45581314
2013-04-02,0.39577842
2013-04-03,0.34908313
2013-04-04,0.32681882
2013-04-05,0.3109904
2013-04-06,0.2648141
2013-04-07,0.25950378
2013-04-08,0.30763823
2013-04-09,0.34976238
2013-04-10,0.36325362
2013-04-11,0.4106542
2013-04-12,0.4512996
2013-04-13,0.5008138
2013-04-14,0.48963702
2013-04-15,0.44879925
2013-04-16,0.42982522
2013-04-17,0.39694294
2013-04-18,0.3127877
2013-04-19,0.24418715
2013-04-20,0.23309551
2013-04-21,0.20280632
2013-04-22,0.25761247
2013-04-23,0.2854709
2013-04-24,0.319766
2013-04-25,0.37221
2013-04-26,0.47084183
2013-04-27,0.4392537
2013-04-28,0.4671356
2013-04-29,0.3733085
2013-04-30,0.47432587
2013-05-01,0.48530477
2013-05-02,0.39977753
2013-05-03,0.34060156
2013-05-04,0.37927973
2013-05-05,0.36977452
2013-05-06,0.41593787
2013-05-07,0.5163758
2013-05-08,0.43685594
2013-05-09,0.4086728
2013-05-10,0.41836432
2013-05-11,0.43741345
2013-05-12,0.44779497
2013-05-13,0.446643
2013-05-14,0.42649937
2013-05-15,0.38380718
2013-05-16,0.3491616
2013-05-17,0.31116068
2013-05-18,0.2617406
2013-05-19,0.24880491
2013-05-20,0.24047922
2013-05-21,0.28552634
2013-05-22,0.38348368
2013-05-23,0.49939233
2013-05-24,0.40839088
2013-05-25,0.37875795
2013-05-26,0.34860802
2013-05-27,0.40695506
2013-05-28,0.43193012
2013-05-29,0.41396004
2013-05-30,0.39570764
2013-05-31,0.3628599
2013-06-01,0.33854714
2013-06-02,0.32306117
2013-06-03,0.3880742
2013-06-04,0.38272095
2013-06-05,0.36273384
2013-06-06,0.34930056
2013-06-07,0.39046976
2013-06-08,0.41691434
2013-06-09,0.43939877
2013-06-10,0.4469443
2013-06-11,0.43273026
2013-06-12,0.3882885
2013-06-13,0.33446947
2013-06-14,0.31558692
2013-06-15,0.2770059
2013-06-16,0.2215003
2013-06-17,0.31872755
2013-06-18,0.33431426
2013-06-19,0.26913574
2013-06-20,0.25865638
2013-06-21,0.2744971
2013-06-22,0.3097642
2013-06-23,0.33001295
2013-06-24,0.3501876
2013-06-25,0.3827229
2013-06-26,0.39202017
2013-06-27,0.39065748
2013-06-28,0.3821677
2013-06-29,0.35606396
2013-06-30,0.30595523
2013-07-01,0.32698634
2013-07-02,0.31889892
2013-07-03,0.3338341
2013-07-04,0.36403614
2013-07-05,0.3948317
2013-07-06,0.41841286
2013-07-07,0.4070763
2013-07-08,0.40193945
2013-07-09,0.3987583
2013-07-10,0.37683225
2013-07-11,0.36165303
2013-07-12,0.36322773
2013-07-13,0.31454986
2013-07-14,0.29507157
2013-07-15,0.27010787
2013-07-16,0.23928502
2013-07-17,0.25564736
2013-07-18,0.22818963
2013-07-19,0.20198505
2013-07-20,0.26167482
2013-07-21,0.28769362
2013-07-22,0.31932592
2013-07-23,0.33972734
2013-07-24,0.36906576
2013-07-25,0.3923949
2013-07-26,0.40040323
2013-07-27,0.3993438
2013-07-28,0.409174
2013-07-29,0.38701212
2013-07-30,0.36653614
2013-07-31,0.30265856
2013-08-01,0.28271252
2013-08-02,0.31125653
2013-08-03,0.32169473
2013-08-04,0.3493732
2013-08-05,0.3622393
2013-08-06,0.38813376
2013-08-07,0.3952737
2013-08-08,0.3698297
2013-08-09,0.38295603
2013-08-10,0.36880058
2013-08-11,0.3183813
2013-08-12,0.28869665
2013-08-13,0.24708226
2013-08-14,0.26126826
2013-08-15,0.24427673
2013-08-16,0.23581925
2013-08-17,0.24981028
2013-08-18,0.28116804
2013-08-19,0.30097353
2013-08-20,0.3247754
2013-08-21,0.35338002
2013-08-22,0.38107902
2013-08-23,0.39958835
2013-08-24,0.40732244
2013-08-25,0.45764303
2013-08-26,0.42609257
2013-08-27,0.41536164
2013-08-28,0.40040028
2013-08-29,0.3264101
2013-08-30,0.30668622
2013-08-31,0.30530953
2013-09-01,0.3340422
2013-09-02,0.32818288
2013-09-03,0.31090045
2013-09-04,0.32246625
2013-09-05,0.3305136
2013-09-06,0.32336035
2013-09-07,0.324846
2013-09-08,0.31957227
2013-09-09,0.31371346
2013-09-10,0.2954815
2013-09-11,0.2883656
2013-09-12,0.29444927
2013-09-13,0.25003722
2013-09-14,0.24310482
2013-09-15,0.24124156
2013-09-16,0.2537345
2013-09-17,0.27577138
2013-09-18,0.30071485
2013-09-19,0.3382662
2013-09-20,0.3668368
2013-09-21,0.40213603
2013-09-22,0.42097723
2013-09-23,0.41467068
2013-09-24,0.40430835
2013-09-25,0.38231346
2013-09-26,0.34738806
2013-09-27,0.31068444
2013-09-28,0.27384615
2013-09-29,0.2630574
2013-09-30,0.26598975
2013-10-01,0.26240516
2013-10-02,0.34875652
2013-10-03,0.3375731
2013-10-04,0.3160538
2013-10-05,0.3412606
2013-10-06,0.34891665
2013-10-07,0.36899936
2013-10-08,0.39335108
2013-10-09,0.38680375
2013-10-10,0.36939594
2013-10-11,0.3484996
2013-10-12,0.2892459
2013-10-13,0.27104115
2013-10-14,0.2352653
2013-10-15,0.24607088
2013-10-16,0.268593
2013-10-17,0.30558202
2013-10-18,0.3424521
2013-10-19,0.37241304
2013-10-20,0.39963695
2013-10-21,0.41564286
2013-10-22,0.42053992
2013-10-23,0.4185402
2013-10-24,0.4045605
2013-10-25,0.3691785
2013-10-26,0.3110475
2013-10-27,0.2649687
2013-10-28,0.21795797
2013-10-29,0.23358761
2013-10-30,0.2356863
2013-10-31,0.2503946
2013-11-01,0.26511914
2013-11-02,0.27389905
2013-11-03,0.30191568
2013-11-04,0.31611964
2013-11-05,0.32463276
2013-11-06,0.32810545
2013-11-07,0.3342116
2013-11-08,0.34353226
2013-11-09,0.32568923
2013-11-10,0.3031878
2013-11-11,0.28974938
2013-11-12,0.31221372
2013-11-13,0.33063805
2013-11-14,0.32179874
2013-11-15,0.30732393
2013-11-16,0.3339604
2013-11-17,0.35581958
2013-11-18,0.38622355
2013-11-19,0.4089954
2013-11-20,0.42543048
2013-11-21,0.40778214
2013-11-22,0.3805007
2013-11-23,0.34106225
2013-11-24,0.29698786
2013-11-25,0.2277152
2013-11-26,0.18621731
2013-11-27,0.20431188
2013-11-28,0.20636705
2013-11-29,0.22993279
2013-11-30,0.25955117
2013-12-01,0.2514986
2013-12-02,0.28639376
2013-12-03,0.35160655
2013-12-04,0.36283278
2013-12-05,0.3772294
2013-12-06,0.36070263
2013-12-07,0.3596743
2013-12-08,0.34924376
2013-12-09,0.32905895
2013-12-10,0.31353205
2013-12-11,0.29443803
2013-12-12,0.28557834
2013-12-13,0.29357356
2013-12-14,0.29490247
2013-12-15,0.31790882
2013-12-16,0.35849696
2013-12-17,0.38103575
2013-12-18,0.40644532
2013-12-19,0.4167253
2013-12-20,0.40912074
2013-12-21,0.39124495
2013-12-22,0.34512618
2013-12-23,0.29923993
2013-12-24,0.28653914
2013-12-25,0.27027917
2013-12-26,0.25554824
2013-12-27,0.27444363
2013-12-28,0.23509291
2013-12-29,0.24188071
2013-12-30,0.27898702
2013-12-31,0.29848972
