transmitter_id,date,total_detections,valid_hours,avg_detections_per_hour,date_dt
A69-1601-32687,20/06/2011,55,5,11,20/06/2011
A69-1601-32687,28/06/2011,22,2,11,28/06/2011
A69-1601-32687,29/06/2011,139,12,11.58333333,29/06/2011
A69-1601-32687,30/06/2011,42,7,6,30/06/2011
A69-1601-32687,05/07/2011,95,9,10.55555556,05/07/2011
A69-1601-32687,06/07/2011,83,4,20.75,06/07/2011
A69-1601-32687,07/07/2011,128,9,14.22222222,07/07/2011
A69-1601-32687,08/07/2011,54,6,9,08/07/2011
A69-1601-32687,09/07/2011,46,3,15.33333333,09/07/2011
A69-1601-32687,11/07/2011,216,14,15.42857143,11/07/2011
A69-1601-32687,12/07/2011,18,1,18,12/07/2011
A69-1601-32687,13/07/2011,109,6,18.16666667,13/07/2011
A69-1601-32687,15/07/2011,15,2,7.5,15/07/2011
A69-1601-32687,16/07/2011,123,15,8.2,16/07/2011
A69-1601-32687,17/07/2011,178,10,17.8,17/07/2011
A69-1601-32687,18/07/2011,68,7,9.714285714,18/07/2011
A69-1601-32687,19/07/2011,57,5,11.4,19/07/2011
A69-1601-32687,22/07/2011,115,9,12.77777778,22/07/2011
A69-1601-32687,23/07/2011,128,11,11.63636364,23/07/2011
A69-1601-32687,24/07/2011,112,15,7.466666667,24/07/2011
A69-1601-32687,25/07/2011,157,18,8.722222222,25/07/2011
A69-1601-32687,26/07/2011,44,8,5.5,26/07/2011
A69-1601-32687,27/07/2011,87,10,8.7,27/07/2011
A69-1601-32687,28/07/2011,121,16,7.5625,28/07/2011
A69-1601-32687,29/07/2011,101,8,12.625,29/07/2011
A69-1601-32687,30/07/2011,58,5,11.6,30/07/2011
A69-1601-32687,11/08/2011,45,5,9,11/08/2011
A69-1601-32687,15/08/2011,80,4,20,15/08/2011
A69-1601-32687,16/08/2011,155,14,11.07142857,16/08/2011
A69-1601-32687,17/08/2011,96,11,8.727272727,17/08/2011
A69-1601-32687,18/08/2011,160,12,13.33333333,18/08/2011
A69-1601-32687,19/08/2011,52,5,10.4,19/08/2011
A69-1601-32687,20/08/2011,60,6,10,20/08/2011
A69-1601-32687,21/08/2011,42,3,14,21/08/2011
A69-1601-32687,22/08/2011,61,6,10.16666667,22/08/2011
A69-1601-32687,23/08/2011,241,18,13.38888889,23/08/2011
A69-1601-32687,24/08/2011,87,10,8.7,24/08/2011
A69-1601-32687,25/08/2011,191,11,17.36363636,25/08/2011
A69-1601-32687,26/08/2011,185,19,9.736842105,26/08/2011
A69-1601-32687,27/08/2011,212,13,16.30769231,27/08/2011
A69-1601-32687,28/08/2011,75,4,18.75,28/08/2011
A69-1601-32687,08/09/2011,127,11,11.54545455,08/09/2011
A69-1601-32687,09/09/2011,95,9,10.55555556,09/09/2011
A69-1601-32687,10/09/2011,24,2,12,10/09/2011
A69-1601-32687,11/09/2011,24,4,6,11/09/2011
A69-1601-32687,15/09/2011,32,2,16,15/09/2011
A69-1601-32687,16/09/2011,53,7,7.571428571,16/09/2011
A69-1601-32687,17/09/2011,101,7,14.42857143,17/09/2011
A69-1601-32687,19/09/2011,51,5,10.2,19/09/2011
A69-1601-32687,20/09/2011,134,12,11.16666667,20/09/2011
A69-1601-32687,21/09/2011,91,7,13,21/09/2011
A69-1601-32687,22/09/2011,64,8,8,22/09/2011
A69-1601-32687,23/09/2011,121,11,11,23/09/2011
A69-1601-32687,24/09/2011,103,7,14.71428571,24/09/2011
A69-1601-32687,27/09/2011,14,4,3.5,27/09/2011
A69-1601-32687,28/09/2011,198,11,18,28/09/2011
A69-1601-32687,29/09/2011,51,5,10.2,29/09/2011
A69-1601-32687,30/09/2011,61,5,12.2,30/09/2011
A69-1601-32687,01/10/2011,28,3,9.333333333,01/10/2011
A69-1601-32687,02/10/2011,41,3,13.66666667,02/10/2011
A69-1601-32687,05/10/2011,21,3,7,05/10/2011
A69-1601-32687,06/10/2011,26,2,13,06/10/2011
A69-1601-32687,13/10/2011,29,4,7.25,13/10/2011
A69-1601-32687,14/10/2011,2,1,2,14/10/2011
A69-1601-32687,16/10/2011,7,2,3.5,16/10/2011
A69-1601-32687,24/10/2011,66,7,9.428571429,24/10/2011
A69-1601-32687,25/10/2011,205,15,13.66666667,25/10/2011
A69-1601-32687,26/10/2011,124,7,17.71428571,26/10/2011
A69-1601-32687,27/10/2011,107,12,8.916666667,27/10/2011
A69-1601-32687,28/10/2011,91,7,13,28/10/2011
A69-1601-32687,30/10/2011,85,7,12.14285714,30/10/2011
A69-1601-32687,01/11/2011,23,5,4.6,01/11/2011
A69-1601-32687,02/11/2011,7,1,7,02/11/2011
A69-1601-32687,03/11/2011,51,8,6.375,03/11/2011
A69-1601-32687,04/11/2011,11,2,5.5,04/11/2011
A69-1601-32687,05/11/2011,42,6,7,05/11/2011
A69-1601-32687,06/11/2011,126,11,11.45454545,06/11/2011
A69-1601-32687,07/11/2011,106,10,10.6,07/11/2011
A69-1601-32687,08/11/2011,92,11,8.363636364,08/11/2011
A69-1601-32687,09/11/2011,119,12,9.916666667,09/11/2011
A69-1601-32687,10/11/2011,50,6,8.333333333,10/11/2011
A69-1601-32687,11/11/2011,17,2,8.5,11/11/2011
A69-1601-32687,13/11/2011,31,3,10.33333333,13/11/2011
A69-1601-32687,14/11/2011,14,3,4.666666667,14/11/2011
A69-1601-32687,15/11/2011,90,7,12.85714286,15/11/2011
A69-1601-32687,16/11/2011,26,2,13,16/11/2011
A69-1601-32687,17/11/2011,52,7,7.428571429,17/11/2011
A69-1601-32687,18/11/2011,98,18,5.444444444,18/11/2011
A69-1601-32687,19/11/2011,182,11,16.54545455,19/11/2011
A69-1601-32687,20/11/2011,82,9,9.111111111,20/11/2011
A69-1601-32687,21/11/2011,50,8,6.25,21/11/2011
A69-1601-32687,22/11/2011,25,4,6.25,22/11/2011
A69-1601-32687,23/11/2011,87,11,7.909090909,23/11/2011
A69-1601-32687,24/11/2011,34,4,8.5,24/11/2011
A69-1601-32687,25/11/2011,21,4,5.25,25/11/2011
A69-1601-32687,26/11/2011,11,3,3.666666667,26/11/2011
A69-1601-32687,27/11/2011,224,22,10.18181818,27/11/2011
A69-1601-32687,28/11/2011,40,4,10,28/11/2011
A69-1601-32687,07/12/2011,63,6,10.5,07/12/2011
A69-1601-32687,08/12/2011,398,24,16.58333333,08/12/2011
A69-1601-32687,09/12/2011,397,24,16.54166667,09/12/2011
A69-1601-32687,10/12/2011,209,14,14.92857143,10/12/2011
A69-1601-32687,11/12/2011,15,4,3.75,11/12/2011
A69-1601-32687,12/12/2011,111,6,18.5,12/12/2011
A69-1601-32687,13/12/2011,196,16,12.25,13/12/2011
A69-1601-32687,14/12/2011,168,17,9.882352941,14/12/2011
A69-1601-32687,15/12/2011,79,12,6.583333333,15/12/2011
A69-1601-32687,16/12/2011,108,17,6.352941176,16/12/2011
A69-1601-32687,17/12/2011,115,12,9.583333333,17/12/2011
A69-1601-32687,18/12/2011,185,18,10.27777778,18/12/2011
A69-1601-32687,19/12/2011,288,20,14.4,19/12/2011
A69-1601-32687,20/12/2011,290,21,13.80952381,20/12/2011
A69-1601-32687,21/12/2011,271,21,12.9047619,21/12/2011
A69-1601-32687,22/12/2011,169,16,10.5625,22/12/2011
A69-1601-32687,23/12/2011,15,3,5,23/12/2011
A69-1601-32687,24/12/2011,19,3,6.333333333,24/12/2011
A69-1601-32687,25/12/2011,6,2,3,25/12/2011
A69-1601-32687,26/12/2011,18,7,2.571428571,26/12/2011
A69-1601-32687,27/12/2011,5,1,5,27/12/2011
A69-1601-32687,28/12/2011,22,6,3.666666667,28/12/2011
A69-1601-32687,29/12/2011,36,10,3.6,29/12/2011
A69-1601-32687,30/12/2011,42,7,6,30/12/2011
A69-1601-32687,31/12/2011,111,14,7.928571429,31/12/2011
A69-1601-32687,01/01/2012,183,16,11.4375,01/01/2012
A69-1601-32687,02/01/2012,164,19,8.631578947,02/01/2012
A69-1601-32687,03/01/2012,145,14,10.35714286,03/01/2012
A69-1601-32687,04/01/2012,152,14,10.85714286,04/01/2012
A69-1601-32687,05/01/2012,174,18,9.666666667,05/01/2012
A69-1601-32687,06/01/2012,154,14,11,06/01/2012
A69-1601-32687,07/01/2012,203,16,12.6875,07/01/2012
A69-1601-32687,08/01/2012,175,13,13.46153846,08/01/2012
A69-1601-32687,09/01/2012,14,4,3.5,09/01/2012
A69-1601-32687,10/01/2012,19,5,3.8,10/01/2012
A69-1601-32687,11/01/2012,18,5,3.6,11/01/2012
A69-1601-32687,12/01/2012,32,5,6.4,12/01/2012
A69-1601-32687,13/01/2012,45,11,4.090909091,13/01/2012
A69-1601-32687,14/01/2012,28,7,4,14/01/2012
A69-1601-32687,15/01/2012,6,2,3,15/01/2012
A69-1601-32687,16/01/2012,13,3,4.333333333,16/01/2012
A69-1601-32687,17/01/2012,114,14,8.142857143,17/01/2012
A69-1601-32687,18/01/2012,107,15,7.133333333,18/01/2012
A69-1601-32687,19/01/2012,132,15,8.8,19/01/2012
A69-1601-32687,20/01/2012,174,15,11.6,20/01/2012
A69-1601-32687,21/01/2012,228,15,15.2,21/01/2012
A69-1601-32687,22/01/2012,302,21,14.38095238,22/01/2012
A69-1601-32687,23/01/2012,389,22,17.68181818,23/01/2012
A69-1601-32687,24/01/2012,81,8,10.125,24/01/2012
A69-1601-32687,25/01/2012,12,3,4,25/01/2012
A69-1601-32687,26/01/2012,22,6,3.666666667,26/01/2012
A69-1601-32687,31/01/2012,54,10,5.4,31/01/2012
A69-1601-32687,01/02/2012,5,2,2.5,01/02/2012
A69-1601-32687,10/02/2012,27,6,4.5,10/02/2012
A69-1601-32687,11/02/2012,20,6,3.333333333,11/02/2012
A69-1601-32687,13/02/2012,16,5,3.2,13/02/2012
A69-1601-32687,14/02/2012,9,4,2.25,14/02/2012
A69-1601-32687,15/02/2012,4,1,4,15/02/2012
A69-1601-32687,16/02/2012,11,3,3.666666667,16/02/2012
A69-1601-32687,17/02/2012,8,2,4,17/02/2012
A69-1601-32687,18/02/2012,22,3,7.333333333,18/02/2012
A69-1601-32687,19/02/2012,6,2,3,19/02/2012
A69-1601-32687,25/06/2012,4,1,4,25/06/2012
A69-1601-32687,02/07/2012,36,7,5.142857143,02/07/2012
A69-1601-32687,03/07/2012,29,6,4.833333333,03/07/2012
A69-1601-32687,04/07/2012,7,2,3.5,04/07/2012
A69-1601-32687,07/07/2012,6,2,3,07/07/2012
A69-1601-32687,16/07/2012,65,2,32.5,16/07/2012
A69-1601-32687,17/07/2012,541,24,22.54166667,17/07/2012
A69-1601-32687,18/07/2012,622,24,25.91666667,18/07/2012
A69-1601-32687,19/07/2012,293,16,18.3125,19/07/2012
A69-1601-32687,20/07/2012,372,23,16.17391304,20/07/2012
A69-1601-32687,21/07/2012,201,14,14.35714286,21/07/2012
A69-1601-32687,22/07/2012,181,14,12.92857143,22/07/2012
A69-1601-32687,23/07/2012,213,21,10.14285714,23/07/2012
A69-1601-32687,24/07/2012,290,22,13.18181818,24/07/2012
A69-1601-32687,25/07/2012,347,23,15.08695652,25/07/2012
A69-1601-32687,26/07/2012,433,23,18.82608696,26/07/2012
A69-1601-32687,27/07/2012,152,8,19,27/07/2012
A69-1601-32687,28/07/2012,103,13,7.923076923,28/07/2012
A69-1601-32687,29/07/2012,263,24,10.95833333,29/07/2012
A69-1601-32687,30/07/2012,458,24,19.08333333,30/07/2012
A69-1601-32687,31/07/2012,434,20,21.7,31/07/2012
A69-1601-32687,01/08/2012,445,24,18.54166667,01/08/2012
A69-1601-32687,02/08/2012,379,24,15.79166667,02/08/2012
A69-1601-32687,03/08/2012,350,20,17.5,03/08/2012
A69-1601-32687,04/08/2012,321,21,15.28571429,04/08/2012
A69-1601-32687,05/08/2012,185,17,10.88235294,05/08/2012
A69-1601-32687,06/08/2012,80,12,6.666666667,06/08/2012
A69-1601-32687,07/08/2012,131,13,10.07692308,07/08/2012
A69-1601-32687,08/08/2012,249,19,13.10526316,08/08/2012
A69-1601-32687,09/08/2012,55,5,11,09/08/2012
A69-1601-32687,10/08/2012,80,10,8,10/08/2012
A69-1601-32687,11/08/2012,560,24,23.33333333,11/08/2012
A69-1601-32687,12/08/2012,520,24,21.66666667,12/08/2012
A69-1601-32687,13/08/2012,603,24,25.125,13/08/2012
A69-1601-32687,14/08/2012,575,24,23.95833333,14/08/2012
A69-1601-32687,15/08/2012,523,24,21.79166667,15/08/2012
A69-1601-32687,16/08/2012,434,24,18.08333333,16/08/2012
A69-1601-32687,17/08/2012,263,16,16.4375,17/08/2012
A69-1601-32687,18/08/2012,331,21,15.76190476,18/08/2012
A69-1601-32687,19/08/2012,376,22,17.09090909,19/08/2012
A69-1601-32687,20/08/2012,390,23,16.95652174,20/08/2012
A69-1601-32687,21/08/2012,395,22,17.95454545,21/08/2012
A69-1601-32687,22/08/2012,473,24,19.70833333,22/08/2012
A69-1601-32687,23/08/2012,464,24,19.33333333,23/08/2012
A69-1601-32687,24/08/2012,440,24,18.33333333,24/08/2012
A69-1601-32687,25/08/2012,502,23,21.82608696,25/08/2012
A69-1601-32687,26/08/2012,494,24,20.58333333,26/08/2012
A69-1601-32687,27/08/2012,503,24,20.95833333,27/08/2012
A69-1601-32687,28/08/2012,465,24,19.375,28/08/2012
A69-1601-32687,29/08/2012,524,24,21.83333333,29/08/2012
A69-1601-32687,30/08/2012,434,22,19.72727273,30/08/2012
A69-1601-32687,31/08/2012,283,18,15.72222222,31/08/2012
A69-1601-32687,01/09/2012,498,24,20.75,01/09/2012
A69-1601-32687,02/09/2012,456,24,19,02/09/2012
A69-1601-32687,03/09/2012,537,24,22.375,03/09/2012
A69-1601-32687,04/09/2012,608,24,25.33333333,04/09/2012
A69-1601-32687,05/09/2012,610,24,25.41666667,05/09/2012
A69-1601-32687,06/09/2012,522,23,22.69565217,06/09/2012
A69-1601-32687,07/09/2012,294,17,17.29411765,07/09/2012
A69-1601-32687,08/09/2012,525,23,22.82608696,08/09/2012
A69-1601-32687,09/09/2012,580,24,24.16666667,09/09/2012
A69-1601-32687,10/09/2012,511,24,21.29166667,10/09/2012
A69-1601-32687,11/09/2012,510,24,21.25,11/09/2012
A69-1601-32687,12/09/2012,270,14,19.28571429,12/09/2012
A69-1601-32687,14/09/2012,29,2,14.5,14/09/2012
A69-1601-32687,15/09/2012,528,24,22,15/09/2012
A69-1601-32687,16/09/2012,523,23,22.73913043,16/09/2012
A69-1601-32687,17/09/2012,585,24,24.375,17/09/2012
A69-1601-32687,18/09/2012,595,24,24.79166667,18/09/2012
A69-1601-32687,19/09/2012,618,24,25.75,19/09/2012
A69-1601-32687,20/09/2012,642,24,26.75,20/09/2012
A69-1601-32687,21/09/2012,580,24,24.16666667,21/09/2012
A69-1601-32687,22/09/2012,89,8,11.125,22/09/2012
A69-1601-32687,23/09/2012,78,10,7.8,23/09/2012
A69-1601-32687,24/09/2012,92,10,9.2,24/09/2012
A69-1601-32687,25/09/2012,125,11,11.36363636,25/09/2012
A69-1601-32687,26/09/2012,145,15,9.666666667,26/09/2012
A69-1601-32687,27/09/2012,157,13,12.07692308,27/09/2012
A69-1601-32687,28/09/2012,225,17,13.23529412,28/09/2012
A69-1601-32687,29/09/2012,152,14,10.85714286,29/09/2012
A69-1601-32687,30/09/2012,221,21,10.52380952,30/09/2012
A69-1601-32687,01/10/2012,169,16,10.5625,01/10/2012
A69-1601-32687,02/10/2012,186,18,10.33333333,02/10/2012
A69-1601-32687,03/10/2012,89,14,6.357142857,03/10/2012
A69-1601-32687,04/10/2012,103,15,6.866666667,04/10/2012
A69-1601-32687,05/10/2012,118,13,9.076923077,05/10/2012
A69-1601-32687,06/10/2012,62,10,6.2,06/10/2012
A69-1601-32687,07/10/2012,117,9,13,07/10/2012
A69-1601-32687,08/10/2012,309,21,14.71428571,08/10/2012
A69-1601-32687,09/10/2012,226,18,12.55555556,09/10/2012
A69-1601-32687,10/10/2012,109,6,18.16666667,10/10/2012
A69-1601-32687,12/10/2012,25,6,4.166666667,12/10/2012
A69-1601-32687,13/10/2012,131,13,10.07692308,13/10/2012
A69-1601-32687,14/10/2012,78,11,7.090909091,14/10/2012
A69-1601-32687,15/10/2012,95,8,11.875,15/10/2012
A69-1601-32687,16/10/2012,32,4,8,16/10/2012
A69-1601-32687,17/10/2012,7,2,3.5,17/10/2012
A69-1601-32687,26/10/2012,2,1,2,26/10/2012
A69-1601-32687,02/11/2012,72,5,14.4,02/11/2012
A69-1601-32687,03/11/2012,122,15,8.133333333,03/11/2012
A69-1601-32687,04/11/2012,161,14,11.5,04/11/2012
A69-1601-32687,05/11/2012,113,15,7.533333333,05/11/2012
A69-1601-32687,06/11/2012,121,14,8.642857143,06/11/2012
A69-1601-32687,07/11/2012,78,13,6,07/11/2012
A69-1601-32687,08/11/2012,60,9,6.666666667,08/11/2012
A69-1601-32687,09/11/2012,72,8,9,09/11/2012
A69-1601-32687,10/11/2012,53,7,7.571428571,10/11/2012
A69-1601-32687,11/11/2012,9,3,3,11/11/2012
A69-1601-32687,12/11/2012,8,2,4,12/11/2012
A69-1601-32687,13/11/2012,4,2,2,13/11/2012
A69-1601-32687,14/11/2012,22,5,4.4,14/11/2012
A69-1601-32687,15/11/2012,17,3,5.666666667,15/11/2012
A69-1601-32687,16/11/2012,19,4,4.75,16/11/2012
A69-1601-32687,17/11/2012,23,6,3.833333333,17/11/2012
A69-1601-32687,18/11/2012,24,4,6,18/11/2012
A69-1601-32687,19/11/2012,42,7,6,19/11/2012
A69-1601-32687,20/11/2012,22,6,3.666666667,20/11/2012
A69-1601-32687,21/11/2012,40,8,5,21/11/2012
A69-1601-32687,22/11/2012,68,12,5.666666667,22/11/2012
A69-1601-32687,23/11/2012,26,8,3.25,23/11/2012
A69-1601-32687,24/11/2012,31,11,2.818181818,24/11/2012
A69-1601-32687,25/11/2012,100,10,10,25/11/2012
A69-1601-32687,26/11/2012,154,13,11.84615385,26/11/2012
A69-1601-32687,27/11/2012,105,13,8.076923077,27/11/2012
A69-1601-32687,28/11/2012,176,18,9.777777778,28/11/2012
A69-1601-32687,29/11/2012,152,19,8,29/11/2012
A69-1601-32687,30/11/2012,30,5,6,30/11/2012
A69-1601-32687,01/12/2012,17,6,2.833333333,01/12/2012
A69-1601-32687,02/12/2012,24,4,6,02/12/2012
A69-1601-32687,04/12/2012,44,5,8.8,04/12/2012
A69-1601-32687,05/12/2012,49,12,4.083333333,05/12/2012
A69-1601-32687,06/12/2012,59,10,5.9,06/12/2012
A69-1601-32687,07/12/2012,31,6,5.166666667,07/12/2012
A69-1601-32687,08/12/2012,45,6,7.5,08/12/2012
A69-1601-32687,09/12/2012,5,2,2.5,09/12/2012
A69-1601-32687,11/12/2012,4,2,2,11/12/2012
A69-1601-32687,14/12/2012,8,4,2,14/12/2012
A69-1601-32687,19/06/2013,3,1,3,19/06/2013
A69-1601-32687,22/06/2013,2,1,2,22/06/2013
A69-1601-32687,25/06/2013,2,1,2,25/06/2013
A69-1601-32687,26/06/2013,4,2,2,26/06/2013
A69-1601-32688,21/02/2011,150,14,10.71428571,21/02/2011
A69-1601-32688,22/02/2011,248,16,15.5,22/02/2011
A69-1601-32688,23/02/2011,80,6,13.33333333,23/02/2011
A69-1601-32688,20/03/2011,85,6,14.16666667,20/03/2011
A69-1601-32688,21/03/2011,55,4,13.75,21/03/2011
A69-1601-32688,22/03/2011,208,16,13,22/03/2011
A69-1601-32688,23/03/2011,85,6,14.16666667,23/03/2011
A69-1601-32688,31/03/2011,137,7,19.57142857,31/03/2011
A69-1601-32688,01/04/2011,10,1,10,01/04/2011
A69-1601-32688,14/04/2011,47,5,9.4,14/04/2011
A69-1601-32688,22/04/2011,94,4,23.5,22/04/2011
A69-1601-32688,01/05/2011,158,8,19.75,01/05/2011
A69-1601-32688,02/05/2011,208,14,14.85714286,02/05/2011
A69-1601-32688,03/05/2011,165,7,23.57142857,03/05/2011
A69-1601-32688,23/05/2011,118,8,14.75,23/05/2011
A69-1601-32688,24/05/2011,51,3,17,24/05/2011
A69-1601-32688,25/05/2011,68,8,8.5,25/05/2011
A69-1601-32688,26/05/2011,8,1,8,26/05/2011
A69-1601-32688,28/05/2011,71,6,11.83333333,28/05/2011
A69-1601-32688,29/05/2011,129,7,18.42857143,29/05/2011
A69-1601-32688,05/06/2011,21,4,5.25,05/06/2011
A69-1601-32688,06/06/2011,127,6,21.16666667,06/06/2011
A69-1601-32688,07/06/2011,147,12,12.25,07/06/2011
A69-1601-32688,08/06/2011,333,16,20.8125,08/06/2011
A69-1601-32688,09/06/2011,104,9,11.55555556,09/06/2011
A69-1601-32688,10/06/2011,72,10,7.2,10/06/2011
A69-1601-32688,11/06/2011,148,11,13.45454545,11/06/2011
A69-1601-32688,12/06/2011,315,16,19.6875,12/06/2011
A69-1601-32688,13/06/2011,161,9,17.88888889,13/06/2011
A69-1601-32688,14/06/2011,199,17,11.70588235,14/06/2011
A69-1601-32688,15/06/2011,116,8,14.5,15/06/2011
A69-1601-32688,16/06/2011,23,1,23,16/06/2011
A69-1601-32688,17/06/2011,72,6,12,17/06/2011
A69-1601-32688,18/06/2011,131,9,14.55555556,18/06/2011
A69-1601-32688,19/06/2011,121,6,20.16666667,19/06/2011
A69-1601-32688,20/06/2011,143,12,11.91666667,20/06/2011
A69-1601-32688,21/06/2011,85,9,9.444444444,21/06/2011
A69-1601-32688,22/06/2011,108,12,9,22/06/2011
A69-1601-32688,23/06/2011,251,16,15.6875,23/06/2011
A69-1601-32688,24/06/2011,191,13,14.69230769,24/06/2011
A69-1601-32688,25/06/2011,95,9,10.55555556,25/06/2011
A69-1601-32688,08/07/2011,43,3,14.33333333,08/07/2011
A69-1601-32688,09/07/2011,140,9,15.55555556,09/07/2011
A69-1601-32688,10/07/2011,832,24,34.66666667,10/07/2011
A69-1601-32688,11/07/2011,800,24,33.33333333,11/07/2011
A69-1601-32688,12/07/2011,826,24,34.41666667,12/07/2011
A69-1601-32688,13/07/2011,806,24,33.58333333,13/07/2011
A69-1601-32688,14/07/2011,841,24,35.04166667,14/07/2011
A69-1601-32688,15/07/2011,827,24,34.45833333,15/07/2011
A69-1601-32688,16/07/2011,831,24,34.625,16/07/2011
A69-1601-32688,17/07/2011,823,24,34.29166667,17/07/2011
A69-1601-32688,18/07/2011,821,24,34.20833333,18/07/2011
A69-1601-32688,19/07/2011,824,24,34.33333333,19/07/2011
A69-1601-32688,20/07/2011,842,24,35.08333333,20/07/2011
A69-1601-32688,21/07/2011,827,24,34.45833333,21/07/2011
A69-1601-32688,22/07/2011,836,24,34.83333333,22/07/2011
A69-1601-32688,23/07/2011,821,24,34.20833333,23/07/2011
A69-1601-32688,24/07/2011,794,24,33.08333333,24/07/2011
A69-1601-32688,25/07/2011,791,24,32.95833333,25/07/2011
A69-1601-32688,26/07/2011,680,24,28.33333333,26/07/2011
A69-1601-32688,27/07/2011,745,24,31.04166667,27/07/2011
A69-1601-32688,28/07/2011,795,24,33.125,28/07/2011
A69-1601-32688,29/07/2011,768,24,32,29/07/2011
A69-1601-32688,30/07/2011,489,24,20.375,30/07/2011
A69-1601-32688,31/07/2011,656,24,27.33333333,31/07/2011
A69-1601-32688,01/08/2011,674,24,28.08333333,01/08/2011
A69-1601-32688,02/08/2011,697,24,29.04166667,02/08/2011
A69-1601-32688,03/08/2011,756,24,31.5,03/08/2011
A69-1601-32688,04/08/2011,676,24,28.16666667,04/08/2011
A69-1601-32688,05/08/2011,786,24,32.75,05/08/2011
A69-1601-32688,06/08/2011,799,24,33.29166667,06/08/2011
A69-1601-32688,07/08/2011,821,24,34.20833333,07/08/2011
A69-1601-32688,08/08/2011,827,24,34.45833333,08/08/2011
A69-1601-32688,09/08/2011,824,24,34.33333333,09/08/2011
A69-1601-32688,10/08/2011,787,24,32.79166667,10/08/2011
A69-1601-32688,11/08/2011,773,24,32.20833333,11/08/2011
A69-1601-32688,12/08/2011,819,24,34.125,12/08/2011
A69-1601-32688,13/08/2011,791,24,32.95833333,13/08/2011
A69-1601-32688,14/08/2011,837,24,34.875,14/08/2011
A69-1601-32688,15/08/2011,807,24,33.625,15/08/2011
A69-1601-32688,16/08/2011,761,24,31.70833333,16/08/2011
A69-1601-32688,17/08/2011,814,24,33.91666667,17/08/2011
A69-1601-32688,18/08/2011,818,24,34.08333333,18/08/2011
A69-1601-32688,19/08/2011,834,24,34.75,19/08/2011
A69-1601-32688,20/08/2011,840,24,35,20/08/2011
A69-1601-32688,21/08/2011,822,24,34.25,21/08/2011
A69-1601-32688,22/08/2011,813,24,33.875,22/08/2011
A69-1601-32688,23/08/2011,836,24,34.83333333,23/08/2011
A69-1601-32688,24/08/2011,801,24,33.375,24/08/2011
A69-1601-32688,25/08/2011,754,24,31.41666667,25/08/2011
A69-1601-32688,26/08/2011,764,24,31.83333333,26/08/2011
A69-1601-32688,27/08/2011,728,24,30.33333333,27/08/2011
A69-1601-32688,28/08/2011,726,24,30.25,28/08/2011
A69-1601-32688,29/08/2011,682,24,28.41666667,29/08/2011
A69-1601-32688,30/08/2011,694,24,28.91666667,30/08/2011
A69-1601-32688,31/08/2011,726,24,30.25,31/08/2011
A69-1601-32688,01/09/2011,690,24,28.75,01/09/2011
A69-1601-32688,02/09/2011,643,24,26.79166667,02/09/2011
A69-1601-32688,03/09/2011,558,24,23.25,03/09/2011
A69-1601-32688,04/09/2011,709,24,29.54166667,04/09/2011
A69-1601-32688,05/09/2011,688,24,28.66666667,05/09/2011
A69-1601-32688,06/09/2011,512,22,23.27272727,06/09/2011
A69-1601-32688,07/09/2011,557,24,23.20833333,07/09/2011
A69-1601-32688,08/09/2011,738,24,30.75,08/09/2011
A69-1601-32688,09/09/2011,790,24,32.91666667,09/09/2011
A69-1601-32688,10/09/2011,738,24,30.75,10/09/2011
A69-1601-32688,11/09/2011,722,24,30.08333333,11/09/2011
A69-1601-32688,12/09/2011,147,5,29.4,12/09/2011
A69-1601-32688,13/09/2011,676,21,32.19047619,13/09/2011
A69-1601-32688,14/09/2011,750,24,31.25,14/09/2011
A69-1601-32688,15/09/2011,694,24,28.91666667,15/09/2011
A69-1601-32688,16/09/2011,649,24,27.04166667,16/09/2011
A69-1601-32688,17/09/2011,614,24,25.58333333,17/09/2011
A69-1601-32688,18/09/2011,492,24,20.5,18/09/2011
A69-1601-32688,19/09/2011,442,24,18.41666667,19/09/2011
A69-1601-32688,20/09/2011,455,24,18.95833333,20/09/2011
A69-1601-32688,21/09/2011,511,24,21.29166667,21/09/2011
A69-1601-32688,22/09/2011,586,24,24.41666667,22/09/2011
A69-1601-32688,23/09/2011,550,24,22.91666667,23/09/2011
A69-1601-32688,24/09/2011,614,24,25.58333333,24/09/2011
A69-1601-32688,25/09/2011,561,24,23.375,25/09/2011
A69-1601-32688,26/09/2011,456,24,19,26/09/2011
A69-1601-32688,27/09/2011,513,24,21.375,27/09/2011
A69-1601-32688,28/09/2011,526,24,21.91666667,28/09/2011
A69-1601-32688,29/09/2011,685,24,28.54166667,29/09/2011
A69-1601-32688,30/09/2011,655,24,27.29166667,30/09/2011
A69-1601-32688,01/10/2011,661,24,27.54166667,01/10/2011
A69-1601-32688,02/10/2011,735,24,30.625,02/10/2011
A69-1601-32688,03/10/2011,747,24,31.125,03/10/2011
A69-1601-32688,04/10/2011,674,24,28.08333333,04/10/2011
A69-1601-32688,05/10/2011,622,24,25.91666667,05/10/2011
A69-1601-32688,06/10/2011,698,24,29.08333333,06/10/2011
A69-1601-32688,07/10/2011,722,24,30.08333333,07/10/2011
A69-1601-32688,08/10/2011,544,24,22.66666667,08/10/2011
A69-1601-32688,09/10/2011,694,24,28.91666667,09/10/2011
A69-1601-32688,10/10/2011,683,24,28.45833333,10/10/2011
A69-1601-32688,11/10/2011,704,24,29.33333333,11/10/2011
A69-1601-32688,12/10/2011,728,24,30.33333333,12/10/2011
A69-1601-32688,13/10/2011,502,24,20.91666667,13/10/2011
A69-1601-32688,14/10/2011,688,24,28.66666667,14/10/2011
A69-1601-32688,15/10/2011,710,24,29.58333333,15/10/2011
A69-1601-32688,16/10/2011,668,24,27.83333333,16/10/2011
A69-1601-32688,17/10/2011,774,24,32.25,17/10/2011
A69-1601-32688,18/10/2011,612,24,25.5,18/10/2011
A69-1601-32688,19/10/2011,627,24,26.125,19/10/2011
A69-1601-32688,20/10/2011,584,24,24.33333333,20/10/2011
A69-1601-32688,21/10/2011,497,24,20.70833333,21/10/2011
A69-1601-32688,22/10/2011,580,24,24.16666667,22/10/2011
A69-1601-32688,23/10/2011,441,24,18.375,23/10/2011
A69-1601-32688,24/10/2011,397,24,16.54166667,24/10/2011
A69-1601-32688,25/10/2011,567,24,23.625,25/10/2011
A69-1601-32688,26/10/2011,582,24,24.25,26/10/2011
A69-1601-32688,27/10/2011,548,24,22.83333333,27/10/2011
A69-1601-32688,28/10/2011,628,24,26.16666667,28/10/2011
A69-1601-32688,29/10/2011,436,24,18.16666667,29/10/2011
A69-1601-32688,30/10/2011,469,23,20.39130435,30/10/2011
A69-1601-32688,31/10/2011,640,24,26.66666667,31/10/2011
A69-1601-32688,01/11/2011,618,24,25.75,01/11/2011
A69-1601-32688,02/11/2011,541,24,22.54166667,02/11/2011
A69-1601-32688,03/11/2011,499,23,21.69565217,03/11/2011
A69-1601-32688,04/11/2011,553,24,23.04166667,04/11/2011
A69-1601-32688,05/11/2011,588,24,24.5,05/11/2011
A69-1601-32688,06/11/2011,644,24,26.83333333,06/11/2011
A69-1601-32688,07/11/2011,666,24,27.75,07/11/2011
A69-1601-32688,08/11/2011,681,24,28.375,08/11/2011
A69-1601-32688,09/11/2011,651,24,27.125,09/11/2011
A69-1601-32688,10/11/2011,649,24,27.04166667,10/11/2011
A69-1601-32688,11/11/2011,654,24,27.25,11/11/2011
A69-1601-32688,12/11/2011,635,24,26.45833333,12/11/2011
A69-1601-32688,13/11/2011,576,24,24,13/11/2011
A69-1601-32688,14/11/2011,541,24,22.54166667,14/11/2011
A69-1601-32688,15/11/2011,625,24,26.04166667,15/11/2011
A69-1601-32688,16/11/2011,588,24,24.5,16/11/2011
A69-1601-32688,17/11/2011,622,24,25.91666667,17/11/2011
A69-1601-32688,18/11/2011,571,24,23.79166667,18/11/2011
A69-1601-32688,19/11/2011,619,24,25.79166667,19/11/2011
A69-1601-32688,20/11/2011,598,24,24.91666667,20/11/2011
A69-1601-32688,21/11/2011,555,24,23.125,21/11/2011
A69-1601-32688,22/11/2011,561,24,23.375,22/11/2011
A69-1601-32688,23/11/2011,574,24,23.91666667,23/11/2011
A69-1601-32688,24/11/2011,520,24,21.66666667,24/11/2011
A69-1601-32688,25/11/2011,535,24,22.29166667,25/11/2011
A69-1601-32688,26/11/2011,509,24,21.20833333,26/11/2011
A69-1601-32688,27/11/2011,534,24,22.25,27/11/2011
A69-1601-32688,28/11/2011,553,24,23.04166667,28/11/2011
A69-1601-32688,29/11/2011,557,24,23.20833333,29/11/2011
A69-1601-32688,30/11/2011,540,24,22.5,30/11/2011
A69-1601-32688,01/12/2011,621,24,25.875,01/12/2011
A69-1601-32688,02/12/2011,637,24,26.54166667,02/12/2011
A69-1601-32688,03/12/2011,635,24,26.45833333,03/12/2011
A69-1601-32688,04/12/2011,450,24,18.75,04/12/2011
A69-1601-32688,05/12/2011,414,21,19.71428571,05/12/2011
A69-1601-32688,06/12/2011,456,23,19.82608696,06/12/2011
A69-1601-32688,07/12/2011,633,24,26.375,07/12/2011
A69-1601-32688,08/12/2011,730,24,30.41666667,08/12/2011
A69-1601-32688,09/12/2011,693,24,28.875,09/12/2011
A69-1601-32688,10/12/2011,699,24,29.125,10/12/2011
A69-1601-32688,11/12/2011,593,24,24.70833333,11/12/2011
A69-1601-32688,12/12/2011,757,24,31.54166667,12/12/2011
A69-1601-32688,13/12/2011,745,24,31.04166667,13/12/2011
A69-1601-32688,14/12/2011,660,24,27.5,14/12/2011
A69-1601-32688,15/12/2011,549,24,22.875,15/12/2011
A69-1601-32688,16/12/2011,613,24,25.54166667,16/12/2011
A69-1601-32688,17/12/2011,626,24,26.08333333,17/12/2011
A69-1601-32688,18/12/2011,454,24,18.91666667,18/12/2011
A69-1601-32688,19/12/2011,532,24,22.16666667,19/12/2011
A69-1601-32688,20/12/2011,598,24,24.91666667,20/12/2011
A69-1601-32688,21/12/2011,717,24,29.875,21/12/2011
A69-1601-32688,22/12/2011,651,24,27.125,22/12/2011
A69-1601-32688,23/12/2011,652,24,27.16666667,23/12/2011
A69-1601-32688,24/12/2011,652,24,27.16666667,24/12/2011
A69-1601-32688,25/12/2011,544,23,23.65217391,25/12/2011
A69-1601-32688,26/12/2011,442,24,18.41666667,26/12/2011
A69-1601-32688,27/12/2011,419,23,18.2173913,27/12/2011
A69-1601-32688,28/12/2011,694,24,28.91666667,28/12/2011
A69-1601-32688,29/12/2011,710,24,29.58333333,29/12/2011
A69-1601-32688,30/12/2011,636,24,26.5,30/12/2011
A69-1601-32688,31/12/2011,573,24,23.875,31/12/2011
A69-1601-32688,01/01/2012,622,24,25.91666667,01/01/2012
A69-1601-32688,02/01/2012,664,24,27.66666667,02/01/2012
A69-1601-32688,03/01/2012,588,24,24.5,03/01/2012
A69-1601-32688,04/01/2012,584,24,24.33333333,04/01/2012
A69-1601-32688,05/01/2012,537,24,22.375,05/01/2012
A69-1601-32688,06/01/2012,676,24,28.16666667,06/01/2012
A69-1601-32688,07/01/2012,758,24,31.58333333,07/01/2012
A69-1601-32688,08/01/2012,687,24,28.625,08/01/2012
A69-1601-32688,09/01/2012,474,24,19.75,09/01/2012
A69-1601-32688,10/01/2012,506,24,21.08333333,10/01/2012
A69-1601-32688,11/01/2012,463,24,19.29166667,11/01/2012
A69-1601-32688,12/01/2012,627,24,26.125,12/01/2012
A69-1601-32688,13/01/2012,645,24,26.875,13/01/2012
A69-1601-32688,14/01/2012,565,24,23.54166667,14/01/2012
A69-1601-32688,15/01/2012,617,24,25.70833333,15/01/2012
A69-1601-32688,16/01/2012,649,24,27.04166667,16/01/2012
A69-1601-32688,17/01/2012,523,24,21.79166667,17/01/2012
A69-1601-32688,18/01/2012,566,24,23.58333333,18/01/2012
A69-1601-32688,19/01/2012,438,24,18.25,19/01/2012
A69-1601-32688,20/01/2012,440,24,18.33333333,20/01/2012
A69-1601-32688,21/01/2012,377,22,17.13636364,21/01/2012
A69-1601-32688,22/01/2012,199,17,11.70588235,22/01/2012
A69-1601-32688,23/01/2012,289,22,13.13636364,23/01/2012
A69-1601-32688,24/01/2012,391,21,18.61904762,24/01/2012
A69-1601-32688,25/01/2012,521,23,22.65217391,25/01/2012
A69-1601-32688,26/01/2012,503,24,20.95833333,26/01/2012
A69-1601-32688,27/01/2012,600,24,25,27/01/2012
A69-1601-32688,28/01/2012,716,24,29.83333333,28/01/2012
A69-1601-32688,29/01/2012,734,24,30.58333333,29/01/2012
A69-1601-32688,30/01/2012,608,24,25.33333333,30/01/2012
A69-1601-32688,31/01/2012,616,24,25.66666667,31/01/2012
A69-1601-32688,01/02/2012,638,24,26.58333333,01/02/2012
A69-1601-32688,02/02/2012,573,24,23.875,02/02/2012
A69-1601-32688,03/02/2012,609,24,25.375,03/02/2012
A69-1601-32688,04/02/2012,571,24,23.79166667,04/02/2012
A69-1601-32688,05/02/2012,544,24,22.66666667,05/02/2012
A69-1601-32688,06/02/2012,437,24,18.20833333,06/02/2012
A69-1601-32688,07/02/2012,235,19,12.36842105,07/02/2012
A69-1601-32688,08/02/2012,167,15,11.13333333,08/02/2012
A69-1601-32688,09/02/2012,126,10,12.6,09/02/2012
A69-1601-32688,10/02/2012,99,11,9,10/02/2012
A69-1601-32688,11/02/2012,126,14,9,11/02/2012
A69-1601-32688,13/02/2012,158,14,11.28571429,13/02/2012
A69-1601-32688,14/02/2012,360,23,15.65217391,14/02/2012
A69-1601-32688,15/02/2012,615,24,25.625,15/02/2012
A69-1601-32688,16/02/2012,493,24,20.54166667,16/02/2012
A69-1601-32688,17/02/2012,624,24,26,17/02/2012
A69-1601-32688,18/02/2012,634,24,26.41666667,18/02/2012
A69-1601-32688,19/02/2012,624,24,26,19/02/2012
A69-1601-32688,20/02/2012,622,24,25.91666667,20/02/2012
A69-1601-32688,21/02/2012,519,23,22.56521739,21/02/2012
A69-1601-32688,22/02/2012,628,24,26.16666667,22/02/2012
A69-1601-32688,23/02/2012,619,24,25.79166667,23/02/2012
A69-1601-32688,24/02/2012,576,24,24,24/02/2012
A69-1601-32688,25/02/2012,600,24,25,25/02/2012
A69-1601-32688,26/02/2012,638,24,26.58333333,26/02/2012
A69-1601-32688,27/02/2012,659,24,27.45833333,27/02/2012
A69-1601-32688,28/02/2012,691,24,28.79166667,28/02/2012
A69-1601-32688,29/02/2012,579,24,24.125,29/02/2012
A69-1601-32688,01/03/2012,653,24,27.20833333,01/03/2012
A69-1601-32688,02/03/2012,657,24,27.375,02/03/2012
A69-1601-32688,03/03/2012,636,24,26.5,03/03/2012
A69-1601-32688,04/03/2012,639,24,26.625,04/03/2012
A69-1601-32688,05/03/2012,537,24,22.375,05/03/2012
A69-1601-32688,06/03/2012,683,24,28.45833333,06/03/2012
A69-1601-32688,07/03/2012,611,24,25.45833333,07/03/2012
A69-1601-32688,08/03/2012,631,24,26.29166667,08/03/2012
A69-1601-32688,09/03/2012,633,24,26.375,09/03/2012
A69-1601-32688,10/03/2012,626,24,26.08333333,10/03/2012
A69-1601-32688,11/03/2012,516,24,21.5,11/03/2012
A69-1601-32688,12/03/2012,621,24,25.875,12/03/2012
A69-1601-32688,13/03/2012,693,24,28.875,13/03/2012
A69-1601-32688,14/03/2012,638,24,26.58333333,14/03/2012
A69-1601-32688,15/03/2012,636,24,26.5,15/03/2012
A69-1601-32688,16/03/2012,557,24,23.20833333,16/03/2012
A69-1601-32688,17/03/2012,476,24,19.83333333,17/03/2012
A69-1601-32688,18/03/2012,531,24,22.125,18/03/2012
A69-1601-32688,19/03/2012,603,24,25.125,19/03/2012
A69-1601-32688,20/03/2012,644,24,26.83333333,20/03/2012
A69-1601-32688,21/03/2012,700,24,29.16666667,21/03/2012
A69-1601-32688,22/03/2012,767,24,31.95833333,22/03/2012
A69-1601-32688,23/03/2012,784,24,32.66666667,23/03/2012
A69-1601-32688,24/03/2012,794,24,33.08333333,24/03/2012
A69-1601-32688,25/03/2012,788,24,32.83333333,25/03/2012
A69-1601-32688,26/03/2012,796,24,33.16666667,26/03/2012
A69-1601-32688,27/03/2012,783,24,32.625,27/03/2012
A69-1601-32688,28/03/2012,787,24,32.79166667,28/03/2012
A69-1601-32688,29/03/2012,787,24,32.79166667,29/03/2012
A69-1601-32688,30/03/2012,768,24,32,30/03/2012
A69-1601-32688,31/03/2012,764,24,31.83333333,31/03/2012
A69-1601-32688,01/04/2012,747,24,31.125,01/04/2012
A69-1601-32688,02/04/2012,769,24,32.04166667,02/04/2012
A69-1601-32688,03/04/2012,737,24,30.70833333,03/04/2012
A69-1601-32688,04/04/2012,764,24,31.83333333,04/04/2012
A69-1601-32688,05/04/2012,802,24,33.41666667,05/04/2012
A69-1601-32688,06/04/2012,793,24,33.04166667,06/04/2012
A69-1601-32688,07/04/2012,698,24,29.08333333,07/04/2012
A69-1601-32688,08/04/2012,741,24,30.875,08/04/2012
A69-1601-32688,09/04/2012,745,24,31.04166667,09/04/2012
A69-1601-32688,10/04/2012,738,24,30.75,10/04/2012
A69-1601-32688,11/04/2012,808,24,33.66666667,11/04/2012
A69-1601-32688,12/04/2012,813,24,33.875,12/04/2012
A69-1601-32688,13/04/2012,735,24,30.625,13/04/2012
A69-1601-32688,14/04/2012,719,24,29.95833333,14/04/2012
A69-1601-32688,15/04/2012,751,24,31.29166667,15/04/2012
A69-1601-32688,16/04/2012,725,24,30.20833333,16/04/2012
A69-1601-32688,17/04/2012,690,24,28.75,17/04/2012
A69-1601-32688,18/04/2012,726,24,30.25,18/04/2012
A69-1601-32688,19/04/2012,686,24,28.58333333,19/04/2012
A69-1601-32688,20/04/2012,640,24,26.66666667,20/04/2012
A69-1601-32688,21/04/2012,604,24,25.16666667,21/04/2012
A69-1601-32688,22/04/2012,686,24,28.58333333,22/04/2012
A69-1601-32688,23/04/2012,698,24,29.08333333,23/04/2012
A69-1601-32688,24/04/2012,639,24,26.625,24/04/2012
A69-1601-32688,25/04/2012,715,24,29.79166667,25/04/2012
A69-1601-32688,26/04/2012,731,24,30.45833333,26/04/2012
A69-1601-32688,27/04/2012,671,24,27.95833333,27/04/2012
A69-1601-32688,28/04/2012,697,24,29.04166667,28/04/2012
A69-1601-32688,29/04/2012,740,24,30.83333333,29/04/2012
A69-1601-32688,30/04/2012,753,24,31.375,30/04/2012
A69-1601-32688,01/05/2012,711,24,29.625,01/05/2012
A69-1601-32688,02/05/2012,746,24,31.08333333,02/05/2012
A69-1601-32688,03/05/2012,752,24,31.33333333,03/05/2012
A69-1601-32688,04/05/2012,765,24,31.875,04/05/2012
A69-1601-32688,05/05/2012,727,24,30.29166667,05/05/2012
A69-1601-32688,06/05/2012,746,24,31.08333333,06/05/2012
A69-1601-32688,07/05/2012,752,24,31.33333333,07/05/2012
A69-1601-32688,08/05/2012,750,24,31.25,08/05/2012
A69-1601-32688,09/05/2012,699,24,29.125,09/05/2012
A69-1601-32688,10/05/2012,690,24,28.75,10/05/2012
A69-1601-32688,11/05/2012,653,22,29.68181818,11/05/2012
A69-1601-32688,12/05/2012,544,24,22.66666667,12/05/2012
A69-1601-32688,13/05/2012,610,24,25.41666667,13/05/2012
A69-1601-32688,14/05/2012,694,24,28.91666667,14/05/2012
A69-1601-32688,15/05/2012,684,24,28.5,15/05/2012
A69-1601-32688,16/05/2012,729,24,30.375,16/05/2012
A69-1601-32688,17/05/2012,714,24,29.75,17/05/2012
A69-1601-32688,18/05/2012,675,24,28.125,18/05/2012
A69-1601-32688,19/05/2012,637,24,26.54166667,19/05/2012
A69-1601-32688,20/05/2012,615,24,25.625,20/05/2012
A69-1601-32688,21/05/2012,629,24,26.20833333,21/05/2012
A69-1601-32688,22/05/2012,676,24,28.16666667,22/05/2012
A69-1601-32688,23/05/2012,673,24,28.04166667,23/05/2012
A69-1601-32688,24/05/2012,663,24,27.625,24/05/2012
A69-1601-32688,25/05/2012,496,23,21.56521739,25/05/2012
A69-1601-32688,26/05/2012,607,24,25.29166667,26/05/2012
A69-1601-32688,27/05/2012,633,24,26.375,27/05/2012
A69-1601-32688,28/05/2012,605,24,25.20833333,28/05/2012
A69-1601-32688,29/05/2012,746,24,31.08333333,29/05/2012
A69-1601-32688,30/05/2012,803,24,33.45833333,30/05/2012
A69-1601-32688,31/05/2012,808,24,33.66666667,31/05/2012
A69-1601-32688,01/06/2012,736,24,30.66666667,01/06/2012
A69-1601-32688,02/06/2012,700,24,29.16666667,02/06/2012
A69-1601-32688,03/06/2012,757,24,31.54166667,03/06/2012
A69-1601-32688,04/06/2012,693,24,28.875,04/06/2012
A69-1601-32688,05/06/2012,635,24,26.45833333,05/06/2012
A69-1601-32688,06/06/2012,673,24,28.04166667,06/06/2012
A69-1601-32688,07/06/2012,766,24,31.91666667,07/06/2012
A69-1601-32688,08/06/2012,702,24,29.25,08/06/2012
A69-1601-32688,09/06/2012,695,24,28.95833333,09/06/2012
A69-1601-32688,10/06/2012,653,24,27.20833333,10/06/2012
A69-1601-32688,11/06/2012,557,24,23.20833333,11/06/2012
A69-1601-32688,12/06/2012,657,24,27.375,12/06/2012
A69-1601-32688,13/06/2012,699,24,29.125,13/06/2012
A69-1601-32688,14/06/2012,733,24,30.54166667,14/06/2012
A69-1601-32688,15/06/2012,745,24,31.04166667,15/06/2012
A69-1601-32688,16/06/2012,697,24,29.04166667,16/06/2012
A69-1601-32688,17/06/2012,713,24,29.70833333,17/06/2012
A69-1601-32688,18/06/2012,766,24,31.91666667,18/06/2012
A69-1601-32688,19/06/2012,770,24,32.08333333,19/06/2012
A69-1601-32688,20/06/2012,742,24,30.91666667,20/06/2012
A69-1601-32688,21/06/2012,731,24,30.45833333,21/06/2012
A69-1601-32688,22/06/2012,719,24,29.95833333,22/06/2012
A69-1601-32688,23/06/2012,548,24,22.83333333,23/06/2012
A69-1601-32688,24/06/2012,642,24,26.75,24/06/2012
A69-1601-32688,25/06/2012,559,23,24.30434783,25/06/2012
A69-1601-32688,26/06/2012,53,2,26.5,26/06/2012
A69-1601-32688,27/06/2012,599,24,24.95833333,27/06/2012
A69-1601-32688,28/06/2012,665,24,27.70833333,28/06/2012
A69-1601-32688,29/06/2012,646,24,26.91666667,29/06/2012
A69-1601-32688,30/06/2012,633,24,26.375,30/06/2012
A69-1601-32688,01/07/2012,655,24,27.29166667,01/07/2012
A69-1601-32688,02/07/2012,676,24,28.16666667,02/07/2012
A69-1601-32688,03/07/2012,676,24,28.16666667,03/07/2012
A69-1601-32688,04/07/2012,670,24,27.91666667,04/07/2012
A69-1601-32688,05/07/2012,616,24,25.66666667,05/07/2012
A69-1601-32688,06/07/2012,697,24,29.04166667,06/07/2012
A69-1601-32688,07/07/2012,750,24,31.25,07/07/2012
A69-1601-32688,08/07/2012,745,24,31.04166667,08/07/2012
A69-1601-32688,09/07/2012,745,24,31.04166667,09/07/2012
A69-1601-32688,10/07/2012,668,24,27.83333333,10/07/2012
A69-1601-32688,11/07/2012,760,24,31.66666667,11/07/2012
A69-1601-32688,12/07/2012,788,24,32.83333333,12/07/2012
A69-1601-32688,13/07/2012,735,24,30.625,13/07/2012
A69-1601-32688,14/07/2012,690,24,28.75,14/07/2012
A69-1601-32688,15/07/2012,738,24,30.75,15/07/2012
A69-1601-32688,16/07/2012,753,24,31.375,16/07/2012
A69-1601-32688,17/07/2012,693,24,28.875,17/07/2012
A69-1601-32688,18/07/2012,691,24,28.79166667,18/07/2012
A69-1601-32688,19/07/2012,618,24,25.75,19/07/2012
A69-1601-32688,20/07/2012,705,24,29.375,20/07/2012
A69-1601-32688,21/07/2012,620,24,25.83333333,21/07/2012
A69-1601-32688,22/07/2012,695,24,28.95833333,22/07/2012
A69-1601-32688,23/07/2012,684,24,28.5,23/07/2012
A69-1601-32688,24/07/2012,706,24,29.41666667,24/07/2012
A69-1601-32688,25/07/2012,675,24,28.125,25/07/2012
A69-1601-32688,26/07/2012,696,24,29,26/07/2012
A69-1601-32688,27/07/2012,665,24,27.70833333,27/07/2012
A69-1601-32688,28/07/2012,757,24,31.54166667,28/07/2012
A69-1601-32688,29/07/2012,753,24,31.375,29/07/2012
A69-1601-32688,30/07/2012,722,24,30.08333333,30/07/2012
A69-1601-32688,31/07/2012,744,24,31,31/07/2012
A69-1601-32688,01/08/2012,727,24,30.29166667,01/08/2012
A69-1601-32688,02/08/2012,751,24,31.29166667,02/08/2012
A69-1601-32688,03/08/2012,714,24,29.75,03/08/2012
A69-1601-32688,04/08/2012,761,24,31.70833333,04/08/2012
A69-1601-32688,05/08/2012,776,24,32.33333333,05/08/2012
A69-1601-32688,06/08/2012,771,24,32.125,06/08/2012
A69-1601-32688,07/08/2012,770,24,32.08333333,07/08/2012
A69-1601-32688,08/08/2012,767,24,31.95833333,08/08/2012
A69-1601-32688,09/08/2012,691,24,28.79166667,09/08/2012
A69-1601-32688,10/08/2012,719,24,29.95833333,10/08/2012
A69-1601-32688,11/08/2012,766,24,31.91666667,11/08/2012
A69-1601-32688,12/08/2012,778,24,32.41666667,12/08/2012
A69-1601-32688,13/08/2012,756,24,31.5,13/08/2012
A69-1601-32688,14/08/2012,748,24,31.16666667,14/08/2012
A69-1601-32688,15/08/2012,756,24,31.5,15/08/2012
A69-1601-32688,16/08/2012,774,24,32.25,16/08/2012
A69-1601-32688,17/08/2012,717,24,29.875,17/08/2012
A69-1601-32688,18/08/2012,775,24,32.29166667,18/08/2012
A69-1601-32688,19/08/2012,772,24,32.16666667,19/08/2012
A69-1601-32688,20/08/2012,794,24,33.08333333,20/08/2012
A69-1601-32688,21/08/2012,797,24,33.20833333,21/08/2012
A69-1601-32688,22/08/2012,772,24,32.16666667,22/08/2012
A69-1601-32688,23/08/2012,758,24,31.58333333,23/08/2012
A69-1601-32688,24/08/2012,763,24,31.79166667,24/08/2012
A69-1601-32688,25/08/2012,753,24,31.375,25/08/2012
A69-1601-32688,26/08/2012,766,24,31.91666667,26/08/2012
A69-1601-32688,27/08/2012,785,24,32.70833333,27/08/2012
A69-1601-32688,28/08/2012,786,24,32.75,28/08/2012
A69-1601-32688,29/08/2012,763,24,31.79166667,29/08/2012
A69-1601-32688,30/08/2012,768,24,32,30/08/2012
A69-1601-32688,31/08/2012,680,24,28.33333333,31/08/2012
A69-1601-32688,01/09/2012,769,24,32.04166667,01/09/2012
A69-1601-32688,02/09/2012,769,24,32.04166667,02/09/2012
A69-1601-32688,03/09/2012,729,24,30.375,03/09/2012
A69-1601-32688,04/09/2012,744,24,31,04/09/2012
A69-1601-32688,05/09/2012,739,24,30.79166667,05/09/2012
A69-1601-32688,06/09/2012,747,24,31.125,06/09/2012
A69-1601-32688,07/09/2012,749,24,31.20833333,07/09/2012
A69-1601-32688,08/09/2012,742,24,30.91666667,08/09/2012
A69-1601-32688,09/09/2012,772,24,32.16666667,09/09/2012
A69-1601-32688,10/09/2012,723,24,30.125,10/09/2012
A69-1601-32688,11/09/2012,686,24,28.58333333,11/09/2012
A69-1601-32688,12/09/2012,398,14,28.42857143,12/09/2012
A69-1601-32688,14/09/2012,45,2,22.5,14/09/2012
A69-1601-32688,15/09/2012,712,24,29.66666667,15/09/2012
A69-1601-32688,16/09/2012,682,24,28.41666667,16/09/2012
A69-1601-32688,17/09/2012,633,24,26.375,17/09/2012
A69-1601-32688,18/09/2012,617,24,25.70833333,18/09/2012
A69-1601-32688,19/09/2012,690,24,28.75,19/09/2012
A69-1601-32688,20/09/2012,730,24,30.41666667,20/09/2012
A69-1601-32688,21/09/2012,718,24,29.91666667,21/09/2012
A69-1601-32688,22/09/2012,700,24,29.16666667,22/09/2012
A69-1601-32688,23/09/2012,626,24,26.08333333,23/09/2012
A69-1601-32688,24/09/2012,682,23,29.65217391,24/09/2012
A69-1601-32688,25/09/2012,741,24,30.875,25/09/2012
A69-1601-32688,26/09/2012,722,24,30.08333333,26/09/2012
A69-1601-32688,27/09/2012,744,24,31,27/09/2012
A69-1601-32688,28/09/2012,662,24,27.58333333,28/09/2012
A69-1601-32688,29/09/2012,600,22,27.27272727,29/09/2012
A69-1601-32688,30/09/2012,674,24,28.08333333,30/09/2012
A69-1601-32688,01/10/2012,575,24,23.95833333,01/10/2012
A69-1601-32688,02/10/2012,764,24,31.83333333,02/10/2012
A69-1601-32688,03/10/2012,753,24,31.375,03/10/2012
A69-1601-32688,04/10/2012,734,24,30.58333333,04/10/2012
A69-1601-32688,05/10/2012,679,24,28.29166667,05/10/2012
A69-1601-32688,06/10/2012,691,24,28.79166667,06/10/2012
A69-1601-32688,07/10/2012,616,24,25.66666667,07/10/2012
A69-1601-32688,08/10/2012,414,23,18,08/10/2012
A69-1601-32688,09/10/2012,476,23,20.69565217,09/10/2012
A69-1601-32688,10/10/2012,446,22,20.27272727,10/10/2012
A69-1601-32688,11/10/2012,482,22,21.90909091,11/10/2012
A69-1601-32688,12/10/2012,510,23,22.17391304,12/10/2012
A69-1601-32688,13/10/2012,394,22,17.90909091,13/10/2012
A69-1601-32688,14/10/2012,350,23,15.2173913,14/10/2012
A69-1601-32688,15/10/2012,424,23,18.43478261,15/10/2012
A69-1601-32688,16/10/2012,480,24,20,16/10/2012
A69-1601-32688,17/10/2012,518,24,21.58333333,17/10/2012
A69-1601-32688,18/10/2012,597,24,24.875,18/10/2012
A69-1601-32688,19/10/2012,642,24,26.75,19/10/2012
A69-1601-32688,20/10/2012,661,24,27.54166667,20/10/2012
A69-1601-32688,21/10/2012,560,23,24.34782609,21/10/2012
A69-1601-32688,22/10/2012,469,23,20.39130435,22/10/2012
A69-1601-32688,23/10/2012,411,24,17.125,23/10/2012
A69-1601-32688,24/10/2012,461,23,20.04347826,24/10/2012
A69-1601-32688,25/10/2012,279,23,12.13043478,25/10/2012
A69-1601-32688,26/10/2012,471,21,22.42857143,26/10/2012
A69-1601-32688,27/10/2012,500,24,20.83333333,27/10/2012
A69-1601-32688,28/10/2012,705,24,29.375,28/10/2012
A69-1601-32688,29/10/2012,670,24,27.91666667,29/10/2012
A69-1601-32688,30/10/2012,600,24,25,30/10/2012
A69-1601-32688,31/10/2012,489,24,20.375,31/10/2012
A69-1601-32688,01/11/2012,485,24,20.20833333,01/11/2012
A69-1601-32688,02/11/2012,737,24,30.70833333,02/11/2012
A69-1601-32688,03/11/2012,798,24,33.25,03/11/2012
A69-1601-32688,04/11/2012,782,24,32.58333333,04/11/2012
A69-1601-32688,05/11/2012,782,24,32.58333333,05/11/2012
A69-1601-32688,06/11/2012,780,24,32.5,06/11/2012
A69-1601-32688,07/11/2012,786,24,32.75,07/11/2012
A69-1601-32688,08/11/2012,767,24,31.95833333,08/11/2012
A69-1601-32688,09/11/2012,767,24,31.95833333,09/11/2012
A69-1601-32688,10/11/2012,710,24,29.58333333,10/11/2012
A69-1601-32688,11/11/2012,770,24,32.08333333,11/11/2012
A69-1601-32688,12/11/2012,799,24,33.29166667,12/11/2012
A69-1601-32688,13/11/2012,765,24,31.875,13/11/2012
A69-1601-32688,14/11/2012,768,24,32,14/11/2012
A69-1601-32688,15/11/2012,775,24,32.29166667,15/11/2012
A69-1601-32688,16/11/2012,675,24,28.125,16/11/2012
A69-1601-32688,17/11/2012,702,23,30.52173913,17/11/2012
A69-1601-32688,18/11/2012,701,23,30.47826087,18/11/2012
A69-1601-32688,19/11/2012,752,24,31.33333333,19/11/2012
A69-1601-32688,20/11/2012,807,24,33.625,20/11/2012
A69-1601-32688,21/11/2012,740,24,30.83333333,21/11/2012
A69-1601-32688,22/11/2012,510,24,21.25,22/11/2012
A69-1601-32688,23/11/2012,369,24,15.375,23/11/2012
A69-1601-32688,24/11/2012,390,24,16.25,24/11/2012
A69-1601-32688,25/11/2012,421,24,17.54166667,25/11/2012
A69-1601-32688,26/11/2012,622,24,25.91666667,26/11/2012
A69-1601-32688,27/11/2012,517,24,21.54166667,27/11/2012
A69-1601-32688,28/11/2012,612,24,25.5,28/11/2012
A69-1601-32688,29/11/2012,506,24,21.08333333,29/11/2012
A69-1601-32688,30/11/2012,603,24,25.125,30/11/2012
A69-1601-32688,01/12/2012,721,24,30.04166667,01/12/2012
A69-1601-32688,02/12/2012,663,24,27.625,02/12/2012
A69-1601-32688,03/12/2012,600,20,30,03/12/2012
A69-1601-32688,04/12/2012,573,23,24.91304348,04/12/2012
A69-1601-32688,05/12/2012,710,24,29.58333333,05/12/2012
A69-1601-32688,06/12/2012,672,24,28,06/12/2012
A69-1601-32688,07/12/2012,780,24,32.5,07/12/2012
A69-1601-32688,08/12/2012,700,24,29.16666667,08/12/2012
A69-1601-32688,09/12/2012,712,24,29.66666667,09/12/2012
A69-1601-32688,10/12/2012,725,24,30.20833333,10/12/2012
A69-1601-32688,11/12/2012,723,24,30.125,11/12/2012
A69-1601-32688,12/12/2012,750,24,31.25,12/12/2012
A69-1601-32688,13/12/2012,673,24,28.04166667,13/12/2012
A69-1601-32688,14/12/2012,689,24,28.70833333,14/12/2012
A69-1601-32688,15/12/2012,683,24,28.45833333,15/12/2012
A69-1601-32688,16/12/2012,639,24,26.625,16/12/2012
A69-1601-32688,17/12/2012,575,24,23.95833333,17/12/2012
A69-1601-32688,18/12/2012,587,24,24.45833333,18/12/2012
A69-1601-32688,19/12/2012,690,24,28.75,19/12/2012
A69-1601-32688,20/12/2012,716,24,29.83333333,20/12/2012
A69-1601-32688,21/12/2012,699,24,29.125,21/12/2012
A69-1601-32688,22/12/2012,601,24,25.04166667,22/12/2012
A69-1601-32688,23/12/2012,644,24,26.83333333,23/12/2012
A69-1601-32688,24/12/2012,689,24,28.70833333,24/12/2012
A69-1601-32688,25/12/2012,686,24,28.58333333,25/12/2012
A69-1601-32688,26/12/2012,627,24,26.125,26/12/2012
A69-1601-32688,27/12/2012,622,24,25.91666667,27/12/2012
A69-1601-32688,28/12/2012,486,24,20.25,28/12/2012
A69-1601-32688,29/12/2012,485,24,20.20833333,29/12/2012
A69-1601-32688,30/12/2012,620,24,25.83333333,30/12/2012
A69-1601-32688,31/12/2012,621,24,25.875,31/12/2012
A69-1601-32688,01/01/2013,638,24,26.58333333,01/01/2013
A69-1601-32688,02/01/2013,574,24,23.91666667,02/01/2013
A69-1601-32688,03/01/2013,628,24,26.16666667,03/01/2013
A69-1601-32688,04/01/2013,661,24,27.54166667,04/01/2013
A69-1601-32688,05/01/2013,699,24,29.125,05/01/2013
A69-1601-32688,06/01/2013,704,24,29.33333333,06/01/2013
A69-1601-32688,07/01/2013,605,24,25.20833333,07/01/2013
A69-1601-32688,08/01/2013,569,24,23.70833333,08/01/2013
A69-1601-32688,09/01/2013,520,24,21.66666667,09/01/2013
A69-1601-32688,10/01/2013,498,24,20.75,10/01/2013
A69-1601-32688,11/01/2013,586,24,24.41666667,11/01/2013
A69-1601-32688,12/01/2013,573,24,23.875,12/01/2013
A69-1601-32688,13/01/2013,454,24,18.91666667,13/01/2013
A69-1601-32688,14/01/2013,531,22,24.13636364,14/01/2013
A69-1601-32688,15/01/2013,620,24,25.83333333,15/01/2013
A69-1601-32688,16/01/2013,650,24,27.08333333,16/01/2013
A69-1601-32688,17/01/2013,592,24,24.66666667,17/01/2013
A69-1601-32688,18/01/2013,587,24,24.45833333,18/01/2013
A69-1601-32688,19/01/2013,631,24,26.29166667,19/01/2013
A69-1601-32688,20/01/2013,599,24,24.95833333,20/01/2013
A69-1601-32688,21/01/2013,629,24,26.20833333,21/01/2013
A69-1601-32688,22/01/2013,606,24,25.25,22/01/2013
A69-1601-32688,23/01/2013,484,24,20.16666667,23/01/2013
A69-1601-32688,24/01/2013,170,10,17,24/01/2013
A69-1601-32688,25/01/2013,61,11,5.545454545,25/01/2013
A69-1601-32688,26/01/2013,25,6,4.166666667,26/01/2013
A69-1601-32688,27/01/2013,212,20,10.6,27/01/2013
A69-1601-32688,28/01/2013,569,21,27.0952381,28/01/2013
A69-1601-32688,29/01/2013,591,24,24.625,29/01/2013
A69-1601-32688,30/01/2013,604,24,25.16666667,30/01/2013
A69-1601-32688,31/01/2013,546,24,22.75,31/01/2013
A69-1601-32688,01/02/2013,490,24,20.41666667,01/02/2013
A69-1601-32688,02/02/2013,503,24,20.95833333,02/02/2013
A69-1601-32688,03/02/2013,544,24,22.66666667,03/02/2013
A69-1601-32688,04/02/2013,555,23,24.13043478,04/02/2013
A69-1601-32688,05/02/2013,467,21,22.23809524,05/02/2013
A69-1601-32688,06/02/2013,544,24,22.66666667,06/02/2013
A69-1601-32688,07/02/2013,741,24,30.875,07/02/2013
A69-1601-32688,08/02/2013,688,24,28.66666667,08/02/2013
A69-1601-32688,09/02/2013,560,20,28,09/02/2013
A69-1601-32688,10/02/2013,605,24,25.20833333,10/02/2013
A69-1601-32688,11/02/2013,544,24,22.66666667,11/02/2013
A69-1601-32688,12/02/2013,616,24,25.66666667,12/02/2013
A69-1601-32688,13/02/2013,428,19,22.52631579,13/02/2013
A69-1601-32688,14/02/2013,59,2,29.5,14/02/2013
A69-1601-32688,15/02/2013,595,24,24.79166667,15/02/2013
A69-1601-32688,16/02/2013,627,24,26.125,16/02/2013
A69-1601-32688,17/02/2013,633,24,26.375,17/02/2013
A69-1601-32688,18/02/2013,621,24,25.875,18/02/2013
A69-1601-32688,19/02/2013,600,24,25,19/02/2013
A69-1601-32688,20/02/2013,564,24,23.5,20/02/2013
A69-1601-32688,21/02/2013,536,24,22.33333333,21/02/2013
A69-1601-32688,22/02/2013,550,24,22.91666667,22/02/2013
A69-1601-32688,23/02/2013,478,22,21.72727273,23/02/2013
A69-1601-32688,24/02/2013,495,24,20.625,24/02/2013
A69-1601-32688,25/02/2013,457,24,19.04166667,25/02/2013
A69-1601-32688,26/02/2013,545,24,22.70833333,26/02/2013
A69-1601-32688,27/02/2013,468,24,19.5,27/02/2013
A69-1601-32688,28/02/2013,493,24,20.54166667,28/02/2013
A69-1601-32688,01/03/2013,384,21,18.28571429,01/03/2013
A69-1601-32688,02/03/2013,254,20,12.7,02/03/2013
A69-1601-32688,03/03/2013,250,22,11.36363636,03/03/2013
A69-1601-32688,04/03/2013,403,23,17.52173913,04/03/2013
A69-1601-32688,05/03/2013,446,24,18.58333333,05/03/2013
A69-1601-32688,06/03/2013,311,22,14.13636364,06/03/2013
A69-1601-32688,07/03/2013,278,24,11.58333333,07/03/2013
A69-1601-32688,08/03/2013,285,22,12.95454545,08/03/2013
A69-1601-32688,09/03/2013,251,22,11.40909091,09/03/2013
A69-1601-32688,10/03/2013,290,22,13.18181818,10/03/2013
A69-1601-32688,11/03/2013,266,19,14,11/03/2013
A69-1601-32688,12/03/2013,612,24,25.5,12/03/2013
A69-1601-32688,13/03/2013,701,24,29.20833333,13/03/2013
A69-1601-32688,14/03/2013,606,24,25.25,14/03/2013
A69-1601-32688,15/03/2013,658,24,27.41666667,15/03/2013
A69-1601-32688,16/03/2013,647,24,26.95833333,16/03/2013
A69-1601-32688,17/03/2013,661,24,27.54166667,17/03/2013
A69-1601-32688,18/03/2013,622,24,25.91666667,18/03/2013
A69-1601-32688,19/03/2013,527,24,21.95833333,19/03/2013
A69-1601-32688,20/03/2013,471,24,19.625,20/03/2013
A69-1601-32688,21/03/2013,559,24,23.29166667,21/03/2013
A69-1601-32688,22/03/2013,553,24,23.04166667,22/03/2013
A69-1601-32688,23/03/2013,545,24,22.70833333,23/03/2013
A69-1601-32688,24/03/2013,559,24,23.29166667,24/03/2013
A69-1601-32688,25/03/2013,546,24,22.75,25/03/2013
A69-1601-32688,26/03/2013,490,24,20.41666667,26/03/2013
A69-1601-32688,27/03/2013,359,19,18.89473684,27/03/2013
A69-1601-32688,28/03/2013,268,16,16.75,28/03/2013
A69-1601-32688,29/03/2013,232,17,13.64705882,29/03/2013
A69-1601-32688,30/03/2013,186,13,14.30769231,30/03/2013
A69-1601-32688,31/03/2013,134,12,11.16666667,31/03/2013
A69-1601-32688,01/04/2013,150,14,10.71428571,01/04/2013
A69-1601-32688,02/04/2013,193,15,12.86666667,02/04/2013
A69-1601-32688,03/04/2013,249,18,13.83333333,03/04/2013
A69-1601-32688,04/04/2013,263,19,13.84210526,04/04/2013
A69-1601-32688,05/04/2013,359,21,17.0952381,05/04/2013
A69-1601-32688,06/04/2013,33,2,16.5,06/04/2013
